Time,ManagementArea,Prescription,TotalHarvestedSites,TotalCohortsCompleteHarvest,TotalCohortsPartialHarvest,CohortsHarvested_abiebals,CohortsHarvested_acernegu,CohortsHarvested_acerrubr,CohortsHarvested_acersacc,CohortsHarvested_acerspic,CohortsHarvested_betualle,CohortsHarvested_betupapy,CohortsHarvested_celtis,CohortsHarvested_fraxamer,CohortsHarvested_fraxnigr,CohortsHarvested_fraxpenn,CohortsHarvested_larilari,CohortsHarvested_ostrvirg,CohortsHarvested_piceglau,CohortsHarvested_picemari,CohortsHarvested_pinubank,CohortsHarvested_pinuresi,CohortsHarvested_pinustro,CohortsHarvested_popubals,CohortsHarvested_popudelt,CohortsHarvested_popugran,CohortsHarvested_poputrem,CohortsHarvested_prunpens,CohortsHarvested_prunsero,CohortsHarvested_prunvirg,CohortsHarvested_queralba,CohortsHarvested_querelli,CohortsHarvested_quermacr,CohortsHarvested_querrubr,CohortsHarvested_salix,CohortsHarvested_thujocci,CohortsHarvested_tiliamer,CohortsHarvested_ulmuamer,CohortsHarvested_ulmurubr,
10, 1, JPine_Clearcut, 164, 1390, 0, 51, 1, 87, 0, 0, 0, 127, 0, 0, 19, 4, 13, 2, 51, 8, 561, 67, 19, 40, 0, 79, 141, 0, 5, 0, 0, 0, 78, 23, 0, 3, 2, 9, 0, 
10, 1, RPine_Clearcut, 106, 810, 0, 23, 0, 0, 1, 0, 0, 85, 0, 0, 0, 0, 9, 3, 46, 35, 54, 286, 79, 5, 0, 67, 110, 0, 3, 0, 0, 0, 2, 0, 0, 1, 0, 1, 0, 
10, 1, SpruceFir_Clearcut, 168, 703, 0, 7, 0, 0, 0, 0, 0, 159, 0, 0, 6, 0, 0, 0, 164, 2, 0, 0, 0, 33, 0, 88, 170, 0, 41, 0, 0, 0, 0, 0, 0, 0, 2, 31, 0, 
10, 1, Aspen_Clearcut, 4029, 56927, 0, 2477, 13, 1032, 1014, 0, 28, 9564, 1, 0, 730, 249, 406, 1180, 2207, 6465, 1153, 4715, 4268, 1421, 0, 2688, 9291, 3, 296, 3, 35, 10, 1437, 676, 4, 2234, 1977, 1350, 0, 
10, 1, Oak_Clearcut, 114, 1453, 0, 100, 5, 110, 0, 0, 0, 88, 0, 1, 10, 117, 33, 5, 74, 51, 150, 42, 25, 2, 0, 1, 228, 0, 0, 0, 0, 4, 218, 112, 0, 66, 0, 11, 0, 
10, 1, LowlandConifer_Clearcut, 316, 2093, 0, 151, 0, 24, 12, 0, 0, 315, 0, 0, 3, 4, 72, 1, 200, 696, 0, 19, 16, 71, 0, 89, 247, 0, 0, 0, 0, 0, 44, 3, 0, 0, 36, 90, 0, 
10, 1, Birch_Clearcut, 269, 1272, 0, 8, 0, 25, 3, 0, 0, 359, 0, 0, 8, 2, 1, 1, 144, 65, 4, 8, 4, 85, 0, 104, 208, 0, 5, 0, 0, 1, 40, 24, 0, 0, 10, 163, 0, 
10, 1, Hardwood_Clearcut, 186, 2580, 0, 257, 0, 38, 102, 0, 0, 314, 0, 0, 127, 1, 60, 16, 212, 469, 60, 109, 25, 8, 0, 10, 220, 0, 0, 0, 0, 0, 2, 1, 0, 228, 253, 68, 0, 
10, 1, Pine_Unevenaged, 331, 5007, 894, 161, 0, 42, 24, 0, 0, 982, 0, 0, 8, 6, 44, 76, 253, 384, 202, 1335, 894, 50, 0, 252, 651, 0, 31, 0, 1, 0, 66, 16, 0, 279, 77, 67, 0, 
10, 1, Oak_Unevenaged, 1453, 8089, 4564, 231, 0, 513, 0, 0, 0, 1244, 0, 1, 1004, 484, 224, 204, 297, 487, 28, 398, 316, 475, 0, 528, 3011, 1, 103, 12, 18, 2, 1486, 273, 8, 401, 792, 112, 0, 
10, 1, Hardwoods_Unevenaged, 905, 3398, 2173, 453, 2, 343, 638, 0, 6, 760, 0, 0, 99, 77, 73, 103, 108, 29, 87, 164, 109, 70, 0, 199, 978, 0, 14, 1, 0, 0, 98, 162, 2, 132, 820, 44, 0, 
10, 1, BlackAsh_Unevenaged, 40, 478, 12, 60, 0, 32, 33, 0, 3, 71, 0, 0, 151, 4, 17, 8, 8, 15, 0, 4, 3, 0, 0, 0, 12, 0, 0, 0, 0, 0, 15, 21, 0, 0, 21, 12, 0, 
10, 1, SpruceFir_Unevenaged, 24, 259, 91, 55, 0, 0, 0, 0, 0, 0, 0, 0, 0, 0, 44, 0, 0, 36, 0, 0, 0, 0, 0, 0, 0, 0, 0, 0, 0, 0, 0, 0, 0, 215, 0, 0, 0, 
10, 1, Thinning_RedPine, 5980, 53087, 5050, 3246, 9, 2861, 1174, 0, 23, 7660, 0, 44, 2789, 761, 1800, 481, 1717, 2132, 1522, 5050, 2259, 1068, 0, 2421, 11629, 29, 335, 8, 12, 160, 2883, 1473, 109, 1644, 1682, 1156, 0, 
10, 1, Thinning_SpruceFir, 1432, 12156, 811, 683, 22, 796, 356, 0, 16, 1253, 0, 8, 743, 160, 462, 106, 301, 872, 133, 539, 128, 647, 1, 216, 2885, 0, 9, 3, 2, 22, 704, 228, 28, 452, 603, 587, 2, 
10, 1, Thinning_Aspen, 81, 121, 82, 20, 0, 3, 1, 0, 0, 25, 0, 0, 2, 0, 5, 0, 0, 14, 0, 19, 6, 1, 0, 3, 53, 0, 8, 0, 0, 1, 26, 9, 0, 0, 0, 7, 0, 
10, 4, JPine_Clearcut, 23, 154, 0, 9, 0, 6, 5, 0, 0, 13, 0, 0, 2, 0, 6, 0, 3, 4, 52, 23, 1, 1, 0, 0, 22, 0, 0, 0, 0, 2, 2, 0, 0, 0, 0, 3, 0, 
10, 4, RPine_Clearcut, 22, 214, 0, 18, 0, 26, 3, 0, 0, 42, 0, 0, 0, 0, 0, 0, 12, 5, 0, 43, 31, 5, 0, 0, 8, 0, 0, 0, 0, 0, 2, 13, 0, 0, 6, 0, 0, 
10, 4, SpruceFir_Clearcut, 45, 362, 0, 115, 0, 19, 0, 0, 0, 21, 0, 0, 42, 1, 0, 1, 38, 0, 0, 1, 0, 23, 0, 0, 44, 0, 0, 0, 0, 0, 19, 0, 0, 18, 0, 20, 0, 
10, 4, Aspen_Clearcut, 1055, 16242, 0, 1553, 0, 884, 804, 0, 76, 2437, 0, 0, 1330, 199, 323, 119, 433, 751, 63, 375, 203, 254, 0, 184, 2080, 0, 5, 1, 1, 0, 1200, 865, 1, 842, 926, 333, 0, 
10, 4, Oak_Clearcut, 18, 134, 0, 42, 0, 4, 0, 0, 0, 0, 0, 0, 0, 9, 0, 0, 6, 0, 0, 4, 0, 6, 0, 0, 6, 0, 0, 0, 0, 0, 17, 27, 0, 6, 0, 7, 0, 
10, 4, LowlandConifer_Clearcut, 50, 509, 0, 3, 0, 0, 23, 0, 4, 30, 0, 0, 12, 0, 65, 0, 1, 307, 0, 5, 0, 0, 0, 0, 4, 0, 0, 0, 10, 0, 0, 25, 0, 10, 10, 0, 0, 
10, 4, Birch_Clearcut, 53, 438, 0, 15, 0, 0, 0, 0, 0, 109, 0, 0, 4, 0, 1, 36, 2, 15, 0, 14, 38, 3, 0, 21, 165, 0, 0, 0, 0, 0, 0, 0, 0, 0, 0, 15, 0, 
10, 4, Hardwood_Clearcut, 24, 401, 0, 47, 0, 0, 0, 0, 0, 45, 0, 0, 6, 0, 6, 0, 0, 0, 0, 0, 0, 0, 0, 0, 39, 0, 0, 0, 0, 0, 0, 0, 0, 230, 26, 2, 0, 
10, 4, Pine_Unevenaged, 19, 327, 35, 40, 0, 14, 0, 0, 0, 59, 0, 0, 0, 2, 1, 2, 9, 33, 0, 61, 35, 0, 0, 5, 37, 0, 0, 0, 0, 0, 34, 13, 0, 5, 12, 0, 0, 
10, 4, Oak_Unevenaged, 329, 1582, 1313, 41, 0, 183, 0, 0, 0, 163, 0, 3, 408, 228, 42, 16, 55, 58, 9, 20, 20, 95, 0, 57, 436, 0, 7, 7, 2, 2, 541, 112, 0, 87, 258, 45, 0, 
10, 4, Hardwoods_Unevenaged, 339, 1125, 1100, 142, 0, 106, 357, 0, 6, 277, 0, 0, 27, 25, 27, 35, 37, 3, 29, 44, 36, 18, 0, 80, 307, 0, 1, 1, 0, 0, 46, 101, 0, 50, 452, 18, 0, 
10, 4, BlackAsh_Unevenaged, 8, 185, 0, 38, 0, 12, 27, 0, 0, 32, 0, 0, 32, 1, 0, 5, 1, 0, 0, 1, 0, 0, 0, 0, 0, 0, 0, 0, 0, 0, 9, 6, 0, 0, 21, 0, 0, 
10, 4, Thinning_RedPine, 1570, 15091, 1154, 926, 9, 1350, 549, 0, 4, 1801, 0, 4, 716, 346, 357, 91, 377, 273, 601, 1154, 411, 333, 2, 617, 2948, 1, 78, 0, 34, 118, 1003, 772, 1, 257, 744, 368, 0, 
10, 4, Thinning_SpruceFir, 267, 2727, 372, 284, 1, 311, 127, 0, 0, 403, 0, 1, 302, 81, 55, 22, 53, 27, 22, 46, 88, 57, 0, 84, 508, 0, 0, 0, 1, 1, 228, 83, 0, 47, 201, 66, 0, 
10, 4, Thinning_Aspen, 9, 7, 8, 1, 0, 0, 0, 0, 0, 0, 0, 0, 1, 0, 3, 0, 0, 0, 0, 0, 0, 0, 0, 2, 6, 0, 0, 0, 0, 0, 1, 1, 0, 0, 0, 0, 0, 
10, 6, JPine_Clearcut, 211, 1100, 0, 70, 0, 0, 0, 0, 0, 96, 0, 0, 7, 0, 0, 0, 60, 4, 388, 172, 37, 12, 0, 0, 151, 0, 0, 0, 0, 4, 20, 67, 0, 4, 0, 8, 0, 
10, 6, RPine_Clearcut_state, 405, 4903, 0, 327, 0, 42, 8, 0, 0, 730, 0, 0, 4, 32, 5, 0, 421, 112, 272, 1576, 826, 9, 0, 223, 228, 0, 1, 0, 0, 0, 4, 53, 0, 4, 0, 26, 0, 
10, 6, SpruceFir_Clearcut, 403, 3114, 0, 1354, 2, 52, 1, 0, 0, 312, 0, 0, 36, 31, 232, 7, 185, 187, 117, 42, 1, 99, 0, 0, 227, 0, 2, 0, 0, 88, 44, 8, 0, 12, 42, 33, 0, 
10, 6, Aspen_Clearcut, 4194, 54556, 0, 5725, 2, 2267, 936, 6, 159, 4584, 0, 2, 6386, 825, 2772, 232, 732, 6146, 371, 1414, 848, 1504, 26, 747, 9244, 1, 12, 9, 2, 53, 2179, 1495, 18, 3171, 1633, 1055, 0, 
10, 6, Oak_Clearcut, 676, 6427, 0, 112, 30, 670, 158, 0, 0, 640, 0, 11, 353, 519, 9, 65, 168, 24, 25, 29, 17, 79, 0, 93, 784, 0, 4, 13, 0, 13, 1848, 591, 8, 0, 55, 109, 0, 
10, 6, LowlandConifer_Clearcut, 1262, 12355, 0, 446, 0, 168, 0, 0, 0, 399, 0, 0, 370, 0, 3371, 0, 60, 6743, 9, 11, 2, 0, 0, 73, 75, 0, 0, 0, 0, 0, 288, 144, 0, 156, 0, 40, 0, 
10, 6, Birch_Clearcut, 247, 2452, 0, 203, 15, 279, 53, 0, 0, 540, 0, 0, 30, 16, 1, 29, 25, 19, 15, 28, 4, 100, 0, 14, 809, 0, 1, 1, 0, 0, 87, 57, 0, 3, 65, 58, 0, 
10, 6, Hardwood_Clearcut, 226, 3450, 0, 281, 0, 275, 334, 0, 1, 164, 0, 0, 454, 123, 41, 71, 27, 26, 3, 23, 22, 9, 0, 29, 313, 0, 0, 0, 0, 0, 54, 2, 0, 60, 1014, 124, 0, 
10, 6, Pine_Unevenaged, 86, 1433, 186, 109, 0, 3, 6, 0, 0, 235, 0, 0, 10, 0, 25, 5, 39, 122, 9, 180, 186, 24, 0, 52, 82, 0, 4, 0, 2, 0, 248, 103, 0, 79, 93, 3, 0, 
10, 6, Oak_Unevenaged, 115, 541, 399, 14, 0, 67, 0, 0, 0, 69, 0, 1, 137, 62, 1, 14, 39, 12, 4, 5, 2, 10, 0, 20, 175, 0, 0, 7, 0, 1, 172, 78, 0, 5, 42, 3, 0, 
10, 6, Hardwoods_Unevenaged, 232, 681, 514, 84, 5, 177, 100, 0, 0, 278, 0, 0, 28, 12, 9, 5, 15, 3, 3, 22, 7, 2, 0, 14, 202, 0, 2, 0, 0, 0, 13, 30, 0, 8, 168, 8, 0, 
10, 6, BlackAsh_Unevenaged, 311, 2779, 27, 126, 2, 94, 207, 0, 12, 153, 0, 0, 1320, 323, 52, 42, 33, 34, 6, 11, 9, 28, 0, 0, 36, 0, 1, 0, 2, 0, 77, 32, 13, 0, 166, 27, 0, 
10, 6, SpruceFir_Unevenaged, 273, 1561, 669, 428, 5, 21, 0, 0, 0, 4, 0, 0, 119, 12, 153, 2, 19, 216, 2, 5, 0, 45, 0, 0, 1, 0, 2, 0, 0, 0, 9, 0, 6, 1176, 1, 4, 0, 
10, 6, Thinning_RedPine, 3075, 15000, 4429, 1364, 0, 602, 224, 0, 2, 1518, 0, 1, 199, 993, 257, 47, 825, 493, 743, 4429, 865, 184, 0, 914, 3568, 12, 34, 5, 5, 191, 698, 336, 13, 162, 590, 155, 0, 
10, 6, Thinning_SpruceFir, 888, 6653, 1053, 1041, 0, 203, 30, 0, 2, 872, 0, 0, 806, 171, 950, 86, 350, 908, 12, 70, 12, 110, 0, 148, 803, 0, 1, 0, 16, 12, 565, 35, 38, 256, 86, 123, 0, 
10, 8, Aspen_Clearcut, 115, 1176, 0, 105, 2, 45, 39, 0, 3, 154, 0, 0, 197, 28, 25, 7, 20, 56, 23, 31, 14, 45, 0, 20, 187, 0, 0, 0, 0, 3, 27, 3, 1, 52, 38, 51, 0, 
10, 8, Thinning_RedPine, 1, 2, 2, 0, 0, 0, 0, 0, 0, 0, 0, 0, 0, 0, 0, 0, 0, 0, 2, 2, 0, 0, 0, 0, 0, 0, 0, 0, 0, 0, 0, 0, 0, 0, 0, 0, 0, 
10, 5, Aspen_Clearcut, 119, 1666, 0, 211, 0, 84, 172, 0, 16, 180, 0, 0, 233, 4, 7, 6, 52, 29, 53, 51, 6, 41, 0, 77, 112, 0, 5, 0, 2, 0, 37, 89, 0, 47, 120, 32, 0, 
10, 5, LowlandConifer_Clearcut, 21, 21, 0, 0, 0, 0, 0, 0, 0, 0, 0, 0, 0, 0, 0, 0, 0, 21, 0, 0, 0, 0, 0, 0, 0, 0, 0, 0, 0, 0, 0, 0, 0, 0, 0, 0, 0, 
10, 5, Birch_Clearcut, 33, 269, 0, 25, 0, 3, 0, 0, 0, 0, 0, 0, 57, 0, 0, 0, 0, 0, 0, 0, 0, 24, 0, 0, 125, 0, 0, 0, 0, 0, 8, 0, 0, 0, 1, 26, 0, 
10, 5, Oak_Unevenaged, 54, 224, 130, 10, 0, 23, 0, 0, 0, 22, 0, 0, 21, 23, 3, 2, 5, 8, 1, 18, 6, 25, 0, 4, 115, 0, 0, 0, 0, 0, 53, 8, 0, 1, 1, 5, 0, 
10, 5, Hardwoods_Unevenaged, 22, 72, 72, 9, 0, 5, 18, 0, 4, 21, 0, 0, 1, 3, 1, 2, 1, 0, 2, 4, 2, 0, 0, 4, 21, 0, 0, 0, 0, 0, 8, 3, 0, 0, 32, 3, 0, 
10, 5, Thinning_RedPine, 199, 1860, 116, 97, 2, 89, 69, 0, 0, 323, 0, 2, 45, 98, 7, 8, 21, 25, 41, 116, 69, 25, 0, 101, 278, 1, 0, 12, 0, 8, 211, 143, 0, 46, 128, 11, 0, 
10, 5, Thinning_SpruceFir, 26, 487, 11, 7, 0, 24, 52, 0, 0, 69, 0, 0, 19, 0, 3, 0, 2, 1, 0, 0, 4, 0, 0, 48, 81, 0, 0, 1, 0, 0, 38, 29, 0, 1, 107, 12, 0, 
20, 1, JPine_Clearcut, 212, 1552, 0, 31, 0, 42, 29, 0, 0, 143, 0, 0, 81, 2, 9, 14, 64, 6, 407, 81, 22, 88, 0, 18, 246, 0, 2, 0, 0, 2, 93, 34, 0, 4, 49, 85, 0, 
20, 1, RPine_Clearcut, 109, 1317, 0, 48, 0, 11, 0, 0, 0, 174, 0, 0, 10, 2, 2, 0, 94, 38, 31, 583, 133, 12, 0, 26, 99, 0, 7, 1, 0, 3, 24, 11, 0, 8, 0, 0, 0, 
20, 1, SpruceFir_Clearcut, 158, 1393, 0, 323, 0, 4, 4, 0, 0, 188, 0, 0, 12, 3, 15, 37, 272, 71, 24, 25, 10, 117, 0, 7, 172, 0, 10, 0, 0, 0, 19, 3, 0, 7, 7, 63, 0, 
20, 1, Aspen_Clearcut, 4003, 64833, 0, 3516, 8, 1624, 1372, 2, 19, 9981, 0, 4, 1344, 389, 1018, 821, 3423, 3814, 1297, 6245, 5001, 1367, 2, 1782, 9577, 3, 328, 4, 12, 16, 2774, 699, 12, 3746, 2944, 1687, 2, 
20, 1, Oak_Clearcut, 106, 1046, 0, 95, 20, 81, 0, 0, 0, 36, 0, 0, 48, 90, 30, 2, 10, 32, 0, 19, 6, 4, 0, 5, 104, 0, 0, 0, 0, 0, 299, 99, 0, 58, 4, 4, 0, 
20, 1, LowlandConifer_Clearcut, 320, 4688, 0, 62, 0, 7, 9, 0, 4, 525, 0, 0, 13, 0, 76, 6, 156, 2411, 145, 598, 527, 17, 0, 13, 85, 0, 20, 0, 0, 0, 2, 1, 0, 4, 5, 2, 0, 
20, 1, Birch_Clearcut, 270, 2355, 0, 50, 0, 4, 4, 0, 0, 1023, 0, 0, 18, 0, 17, 123, 218, 57, 8, 34, 69, 99, 0, 80, 427, 0, 0, 0, 0, 0, 15, 2, 0, 10, 4, 93, 0, 
20, 1, Hardwood_Clearcut, 159, 2203, 0, 288, 0, 180, 166, 0, 1, 210, 0, 0, 91, 0, 65, 10, 56, 64, 0, 110, 163, 12, 0, 50, 176, 0, 0, 0, 0, 1, 9, 3, 0, 227, 316, 5, 0, 
20, 1, Pine_Unevenaged, 328, 4427, 803, 159, 0, 50, 37, 0, 0, 911, 0, 0, 66, 20, 83, 77, 305, 362, 132, 1032, 803, 28, 0, 98, 502, 0, 21, 0, 0, 0, 120, 38, 0, 240, 82, 64, 0, 
20, 1, Oak_Unevenaged, 1452, 7943, 3885, 318, 1, 451, 0, 0, 0, 984, 0, 6, 1117, 382, 312, 194, 307, 688, 53, 354, 342, 396, 1, 395, 3285, 2, 80, 11, 26, 9, 870, 315, 16, 425, 304, 184, 0, 
20, 1, Hardwoods_Unevenaged, 549, 1650, 1416, 145, 2, 287, 355, 0, 3, 384, 0, 1, 61, 66, 44, 27, 22, 28, 47, 50, 36, 44, 1, 99, 578, 0, 6, 1, 3, 0, 107, 132, 0, 38, 417, 82, 0, 
20, 1, BlackAsh_Unevenaged, 40, 421, 12, 33, 0, 21, 16, 0, 1, 52, 0, 0, 144, 12, 8, 4, 11, 36, 1, 15, 7, 1, 0, 0, 2, 0, 0, 0, 0, 0, 17, 18, 2, 0, 20, 12, 0, 
20, 1, SpruceFir_Unevenaged, 25, 278, 81, 53, 0, 0, 2, 0, 0, 0, 0, 0, 4, 4, 27, 1, 0, 28, 0, 0, 0, 2, 0, 1, 1, 0, 0, 0, 0, 0, 3, 0, 0, 231, 2, 0, 0, 
20, 1, Thinning_RedPine, 5978, 47680, 5268, 2579, 13, 2759, 1376, 0, 24, 6342, 0, 7, 2591, 670, 1032, 759, 1493, 1367, 1230, 5268, 1718, 1685, 0, 1675, 12069, 17, 296, 10, 24, 150, 2564, 1170, 27, 904, 1642, 1487, 0, 
20, 1, Thinning_SpruceFir, 1426, 12880, 1042, 900, 32, 722, 359, 0, 3, 1631, 0, 26, 1089, 291, 405, 132, 505, 524, 119, 549, 142, 405, 2, 377, 3066, 0, 29, 4, 0, 33, 722, 303, 2, 431, 567, 552, 0, 
20, 1, Thinning_Aspen, 87, 198, 7, 2, 0, 6, 0, 0, 0, 5, 0, 0, 7, 1, 3, 1, 1, 1, 14, 112, 9, 0, 0, 0, 1, 0, 3, 0, 0, 0, 8, 20, 4, 0, 5, 2, 0, 
20, 4, JPine_Clearcut, 22, 207, 0, 4, 0, 2, 0, 0, 0, 2, 0, 0, 6, 0, 0, 0, 20, 20, 60, 0, 0, 0, 0, 0, 7, 0, 0, 0, 0, 0, 22, 40, 0, 20, 4, 0, 0, 
20, 4, RPine_Clearcut, 21, 179, 0, 17, 0, 3, 0, 0, 0, 42, 0, 0, 0, 0, 5, 3, 16, 7, 0, 42, 10, 0, 0, 0, 24, 0, 0, 0, 0, 0, 0, 0, 0, 3, 0, 7, 0, 
20, 4, SpruceFir_Clearcut, 32, 287, 0, 110, 0, 21, 0, 0, 0, 64, 0, 0, 0, 0, 0, 0, 3, 6, 7, 15, 1, 9, 0, 1, 48, 0, 0, 0, 0, 0, 0, 0, 0, 2, 0, 0, 0, 
20, 4, Aspen_Clearcut, 1051, 13584, 0, 707, 0, 752, 729, 0, 49, 877, 0, 0, 1271, 335, 750, 68, 278, 697, 98, 372, 289, 561, 2, 162, 1816, 0, 1, 2, 3, 6, 965, 449, 3, 669, 1155, 518, 0, 
20, 4, Oak_Clearcut, 14, 105, 0, 0, 6, 9, 0, 0, 0, 0, 0, 0, 0, 9, 0, 0, 0, 0, 0, 0, 0, 1, 0, 1, 6, 0, 0, 0, 0, 0, 49, 24, 0, 0, 0, 0, 0, 
20, 4, LowlandConifer_Clearcut, 49, 377, 0, 5, 0, 32, 0, 0, 0, 81, 0, 0, 5, 2, 2, 5, 3, 174, 6, 13, 24, 0, 0, 0, 7, 0, 0, 0, 0, 0, 2, 16, 0, 0, 0, 0, 0, 
20, 4, Birch_Clearcut, 55, 401, 0, 16, 0, 18, 5, 0, 0, 154, 0, 0, 13, 2, 0, 30, 3, 14, 0, 0, 2, 3, 0, 15, 96, 0, 0, 0, 0, 3, 10, 4, 0, 10, 2, 1, 0, 
20, 4, Hardwood_Clearcut, 28, 361, 0, 69, 0, 10, 0, 0, 0, 29, 0, 0, 28, 0, 23, 0, 0, 0, 0, 0, 0, 0, 0, 2, 1, 0, 0, 0, 0, 0, 0, 0, 0, 93, 106, 0, 0, 
20, 4, Pine_Unevenaged, 19, 207, 32, 16, 0, 2, 2, 0, 0, 22, 0, 0, 9, 1, 10, 3, 0, 14, 5, 5, 32, 0, 0, 1, 3, 0, 0, 0, 0, 0, 10, 5, 0, 81, 14, 4, 0, 
20, 4, Oak_Unevenaged, 326, 1770, 954, 57, 0, 152, 0, 0, 0, 168, 0, 0, 314, 165, 58, 24, 43, 42, 10, 42, 24, 111, 0, 87, 722, 0, 14, 7, 1, 1, 331, 94, 3, 88, 91, 75, 0, 
20, 4, Hardwoods_Unevenaged, 227, 641, 729, 67, 0, 115, 239, 0, 1, 162, 0, 1, 23, 15, 14, 11, 13, 2, 23, 18, 7, 9, 0, 45, 225, 0, 2, 0, 2, 1, 15, 54, 0, 3, 260, 43, 0, 
20, 4, BlackAsh_Unevenaged, 10, 110, 5, 6, 0, 8, 3, 0, 0, 7, 0, 0, 67, 1, 0, 2, 0, 0, 0, 2, 2, 0, 0, 1, 0, 0, 0, 0, 0, 0, 4, 4, 0, 0, 3, 5, 0, 
20, 4, Thinning_RedPine, 1578, 12806, 856, 1039, 7, 949, 489, 0, 24, 1431, 0, 7, 710, 303, 275, 125, 353, 120, 344, 856, 376, 137, 0, 480, 2829, 15, 10, 8, 11, 61, 945, 597, 19, 249, 634, 259, 0, 
20, 4, Thinning_SpruceFir, 268, 2470, 209, 203, 0, 175, 144, 0, 0, 278, 0, 3, 101, 34, 171, 13, 58, 58, 130, 46, 6, 40, 0, 76, 504, 0, 5, 0, 0, 0, 211, 55, 0, 142, 161, 65, 0, 
20, 4, Thinning_Aspen, 8, 8, 8, 3, 0, 0, 0, 0, 0, 0, 0, 0, 0, 0, 0, 0, 0, 0, 0, 0, 0, 0, 0, 0, 8, 0, 5, 0, 0, 0, 0, 0, 0, 0, 0, 0, 0, 
20, 6, JPine_Clearcut, 112, 519, 0, 21, 0, 0, 0, 0, 0, 18, 0, 0, 20, 0, 7, 0, 0, 12, 166, 0, 0, 85, 0, 2, 144, 0, 0, 0, 0, 0, 43, 1, 0, 0, 0, 0, 0, 
20, 6, RPine_Clearcut_state, 55, 365, 0, 15, 0, 41, 1, 0, 0, 35, 0, 0, 0, 0, 1, 0, 19, 4, 16, 95, 44, 8, 0, 12, 60, 0, 0, 0, 0, 0, 3, 11, 0, 0, 0, 0, 0, 
20, 6, SpruceFir_Clearcut, 406, 2671, 0, 911, 0, 131, 82, 8, 0, 198, 0, 0, 104, 20, 51, 1, 231, 12, 10, 9, 0, 160, 0, 49, 428, 3, 5, 0, 0, 0, 103, 36, 20, 44, 0, 55, 0, 
20, 6, Aspen_Clearcut, 4227, 39193, 0, 1906, 70, 2168, 1195, 0, 4, 4093, 0, 7, 3112, 979, 1721, 213, 673, 1323, 138, 1336, 196, 1622, 0, 845, 9788, 16, 71, 42, 5, 36, 3037, 948, 11, 1271, 1578, 789, 0, 
20, 6, Oak_Clearcut, 680, 5724, 0, 51, 64, 1125, 134, 0, 0, 246, 0, 4, 213, 87, 26, 77, 61, 39, 3, 64, 56, 177, 0, 102, 759, 0, 32, 9, 0, 67, 1513, 349, 2, 23, 136, 305, 0, 
20, 6, LowlandConifer_Clearcut, 1296, 8287, 0, 0, 0, 0, 0, 0, 0, 2, 0, 0, 0, 0, 2238, 0, 0, 5971, 3, 4, 25, 3, 0, 10, 27, 0, 0, 0, 0, 0, 3, 0, 1, 0, 0, 0, 0, 
20, 6, Birch_Clearcut, 247, 1416, 0, 33, 3, 40, 5, 0, 0, 172, 0, 0, 14, 0, 3, 2, 4, 2, 1, 13, 14, 123, 0, 41, 431, 96, 0, 0, 0, 0, 102, 298, 0, 3, 9, 7, 0, 
20, 6, Hardwood_Clearcut, 284, 2683, 0, 310, 0, 285, 241, 0, 78, 252, 0, 0, 868, 4, 25, 3, 3, 10, 0, 13, 1, 3, 0, 6, 45, 0, 0, 0, 0, 0, 41, 2, 1, 162, 323, 7, 0, 
20, 6, Pine_Unevenaged, 86, 994, 135, 64, 0, 14, 1, 0, 1, 151, 0, 0, 127, 5, 30, 0, 4, 96, 7, 107, 135, 10, 0, 11, 26, 0, 1, 0, 0, 2, 146, 58, 0, 61, 68, 4, 0, 
20, 6, Oak_Unevenaged, 128, 412, 461, 1, 0, 95, 0, 0, 0, 23, 0, 0, 72, 33, 6, 22, 24, 8, 0, 10, 5, 4, 0, 10, 200, 0, 14, 5, 1, 6, 190, 83, 0, 0, 32, 29, 0, 
20, 6, Hardwoods_Unevenaged, 232, 402, 492, 31, 3, 255, 56, 0, 0, 67, 0, 0, 16, 41, 32, 15, 8, 0, 1, 5, 3, 13, 0, 12, 168, 0, 1, 0, 1, 0, 25, 10, 0, 0, 124, 7, 0, 
20, 6, BlackAsh_Unevenaged, 150, 1095, 34, 46, 0, 36, 38, 0, 4, 83, 0, 0, 640, 58, 14, 3, 14, 7, 2, 2, 3, 0, 0, 5, 25, 0, 0, 0, 0, 3, 55, 7, 9, 0, 41, 34, 0, 
20, 6, SpruceFir_Unevenaged, 139, 780, 343, 206, 0, 8, 1, 0, 1, 0, 0, 0, 75, 2, 94, 0, 8, 125, 0, 3, 5, 12, 0, 1, 3, 0, 0, 0, 0, 0, 7, 0, 0, 560, 8, 4, 0, 
20, 6, Thinning_RedPine, 2184, 3663, 3723, 64, 0, 113, 16, 0, 1, 374, 0, 0, 19, 12, 154, 15, 72, 15, 128, 3723, 34, 241, 1, 538, 1446, 13, 10, 1, 0, 38, 164, 113, 17, 21, 29, 14, 0, 
20, 6, Thinning_SpruceFir, 862, 5592, 1336, 1334, 4, 383, 118, 0, 2, 549, 0, 2, 645, 72, 638, 22, 147, 493, 6, 3, 2, 108, 0, 22, 1033, 2, 3, 0, 0, 1, 147, 66, 1, 801, 128, 196, 0, 
20, 8, Thinning_RedPine, 1, 1, 2, 0, 0, 0, 0, 0, 0, 0, 0, 0, 0, 0, 0, 0, 0, 0, 1, 2, 0, 0, 0, 0, 0, 0, 0, 0, 0, 0, 0, 0, 0, 0, 0, 0, 0, 
20, 5, Aspen_Clearcut, 136, 1516, 0, 134, 0, 78, 40, 0, 4, 150, 0, 0, 139, 43, 44, 1, 41, 62, 6, 95, 32, 36, 0, 52, 181, 0, 0, 0, 0, 4, 104, 12, 0, 193, 28, 37, 0, 
20, 5, LowlandConifer_Clearcut, 3, 18, 0, 0, 0, 3, 0, 0, 0, 0, 0, 0, 0, 0, 0, 0, 0, 15, 0, 0, 0, 0, 0, 0, 0, 0, 0, 0, 0, 0, 0, 0, 0, 0, 0, 0, 0, 
20, 5, Birch_Clearcut, 15, 125, 0, 6, 0, 9, 3, 0, 0, 12, 0, 0, 0, 0, 0, 0, 18, 0, 0, 8, 0, 9, 0, 0, 60, 0, 0, 0, 0, 0, 0, 0, 0, 0, 0, 0, 0, 
20, 5, Oak_Unevenaged, 52, 198, 86, 6, 0, 10, 0, 0, 0, 16, 0, 0, 36, 10, 11, 1, 2, 2, 1, 4, 5, 11, 0, 4, 102, 0, 0, 0, 0, 0, 28, 4, 0, 11, 14, 6, 0, 
20, 5, Hardwoods_Unevenaged, 8, 27, 52, 0, 0, 4, 19, 0, 1, 9, 0, 0, 0, 0, 0, 0, 0, 0, 0, 0, 0, 0, 0, 6, 9, 0, 0, 0, 0, 0, 2, 0, 0, 0, 26, 3, 0, 
20, 5, Thinning_RedPine, 210, 1579, 172, 132, 0, 89, 23, 0, 5, 115, 0, 0, 79, 27, 91, 1, 16, 91, 54, 172, 48, 33, 0, 59, 281, 0, 2, 0, 0, 5, 125, 109, 0, 79, 48, 67, 0, 
20, 5, Thinning_SpruceFir, 34, 283, 58, 25, 0, 1, 0, 0, 0, 16, 0, 0, 1, 0, 19, 0, 24, 20, 18, 68, 33, 0, 0, 22, 67, 0, 0, 0, 9, 0, 1, 2, 0, 6, 0, 9, 0, 
30, 1, JPine_Clearcut, 158, 819, 0, 17, 2, 2, 2, 0, 0, 73, 0, 0, 31, 2, 6, 0, 35, 11, 279, 73, 24, 57, 0, 6, 125, 0, 0, 0, 0, 0, 30, 5, 0, 0, 0, 39, 0, 
30, 1, RPine_Clearcut, 107, 1473, 0, 23, 0, 8, 4, 0, 0, 242, 0, 0, 7, 4, 0, 25, 97, 9, 44, 675, 99, 6, 0, 52, 145, 0, 5, 0, 0, 0, 9, 9, 0, 0, 3, 7, 0, 
30, 1, SpruceFir_Clearcut, 158, 1219, 0, 351, 0, 16, 7, 0, 0, 135, 0, 1, 9, 2, 20, 23, 223, 33, 8, 27, 8, 95, 0, 9, 146, 0, 4, 0, 0, 9, 10, 2, 0, 17, 6, 58, 0, 
30, 1, Aspen_Clearcut, 4008, 57230, 0, 3051, 23, 1388, 1420, 0, 32, 8409, 0, 5, 2754, 434, 1001, 795, 2627, 3275, 865, 6240, 5165, 1096, 0, 1342, 8088, 14, 208, 3, 5, 13, 1999, 1120, 23, 2825, 1978, 1032, 0, 
30, 1, Oak_Clearcut, 107, 1181, 0, 65, 10, 50, 0, 0, 0, 51, 0, 0, 50, 73, 14, 17, 6, 29, 5, 23, 1, 5, 0, 20, 150, 0, 0, 0, 0, 0, 255, 70, 0, 267, 2, 18, 0, 
30, 1, LowlandConifer_Clearcut, 322, 3730, 0, 75, 0, 21, 0, 0, 0, 460, 0, 0, 2, 0, 203, 2, 12, 1430, 80, 696, 515, 27, 0, 51, 134, 0, 3, 0, 0, 0, 0, 4, 0, 0, 0, 15, 0, 
30, 1, Birch_Clearcut, 271, 2619, 0, 28, 0, 15, 14, 0, 0, 1295, 0, 0, 2, 10, 17, 176, 96, 56, 2, 33, 38, 91, 0, 129, 480, 0, 31, 0, 0, 0, 7, 6, 0, 0, 10, 83, 0, 
30, 1, Hardwood_Clearcut, 159, 2309, 0, 264, 0, 130, 159, 0, 3, 331, 0, 0, 110, 0, 28, 26, 191, 49, 6, 47, 67, 190, 0, 19, 280, 0, 8, 0, 0, 0, 3, 0, 0, 108, 136, 154, 0, 
30, 1, Pine_Unevenaged, 327, 3909, 560, 207, 0, 59, 25, 0, 0, 592, 0, 0, 95, 16, 94, 41, 254, 359, 141, 844, 560, 41, 0, 85, 437, 0, 18, 0, 0, 0, 78, 30, 0, 415, 46, 32, 0, 
30, 1, Oak_Unevenaged, 1453, 6436, 5099, 406, 2, 618, 0, 0, 0, 643, 0, 5, 814, 342, 404, 177, 237, 656, 78, 468, 286, 339, 1, 316, 2783, 7, 62, 18, 21, 23, 1137, 372, 2, 404, 542, 372, 0, 
30, 1, Hardwoods_Unevenaged, 488, 932, 1507, 76, 0, 284, 438, 0, 2, 146, 0, 0, 64, 28, 23, 13, 15, 12, 6, 30, 20, 36, 0, 86, 365, 0, 7, 3, 2, 0, 74, 114, 1, 17, 517, 60, 0, 
30, 1, BlackAsh_Unevenaged, 40, 344, 22, 47, 0, 22, 11, 0, 1, 53, 0, 0, 81, 11, 9, 9, 5, 18, 0, 8, 10, 0, 0, 6, 6, 0, 1, 0, 0, 0, 19, 7, 2, 0, 18, 22, 0, 
30, 1, SpruceFir_Unevenaged, 25, 123, 101, 46, 0, 0, 0, 0, 0, 1, 0, 0, 1, 0, 18, 0, 0, 55, 0, 0, 0, 2, 0, 3, 3, 0, 0, 0, 0, 0, 0, 0, 0, 95, 0, 0, 0, 
30, 1, Thinning_RedPine, 5988, 41941, 5076, 2199, 5, 1924, 932, 0, 36, 5280, 0, 12, 1833, 772, 1339, 634, 1700, 1382, 1031, 5076, 1333, 1216, 15, 1655, 10790, 8, 459, 6, 17, 172, 2378, 1113, 7, 1050, 1185, 1458, 0, 
30, 1, Thinning_SpruceFir, 1423, 10903, 1153, 992, 4, 630, 288, 0, 18, 1088, 0, 7, 754, 189, 523, 146, 489, 637, 68, 557, 161, 433, 0, 285, 2588, 0, 61, 11, 8, 15, 606, 278, 17, 200, 490, 512, 1, 
30, 1, Thinning_Aspen, 75, 183, 15, 3, 0, 4, 2, 0, 0, 8, 0, 0, 0, 2, 5, 3, 0, 6, 2, 94, 37, 0, 0, 3, 4, 0, 0, 0, 0, 0, 6, 7, 4, 5, 3, 0, 0, 
30, 4, JPine_Clearcut, 21, 126, 0, 0, 0, 0, 0, 0, 0, 14, 0, 0, 8, 0, 0, 0, 8, 0, 41, 3, 0, 10, 0, 9, 15, 0, 0, 0, 0, 0, 4, 6, 0, 0, 0, 8, 0, 
30, 4, RPine_Clearcut, 23, 166, 0, 22, 0, 2, 0, 0, 0, 36, 0, 0, 0, 0, 0, 0, 22, 11, 0, 53, 18, 0, 0, 0, 2, 0, 0, 0, 0, 0, 0, 0, 0, 0, 0, 0, 0, 
30, 4, SpruceFir_Clearcut, 33, 218, 0, 77, 0, 1, 10, 0, 0, 0, 0, 0, 6, 0, 17, 0, 44, 0, 0, 0, 0, 0, 0, 3, 27, 0, 0, 0, 0, 0, 17, 0, 6, 0, 10, 0, 0, 
30, 4, Aspen_Clearcut, 1047, 13400, 0, 957, 5, 635, 791, 0, 8, 918, 0, 13, 1683, 222, 287, 133, 384, 743, 68, 481, 299, 287, 0, 335, 1915, 0, 14, 0, 0, 8, 743, 303, 2, 517, 1229, 420, 0, 
30, 4, Oak_Clearcut, 14, 115, 0, 0, 15, 10, 0, 0, 0, 2, 0, 0, 0, 0, 2, 0, 0, 4, 0, 0, 2, 0, 0, 1, 0, 0, 0, 0, 0, 0, 35, 29, 1, 12, 0, 2, 0, 
30, 4, LowlandConifer_Clearcut, 48, 314, 0, 34, 0, 8, 20, 0, 0, 12, 0, 0, 16, 0, 77, 4, 0, 123, 0, 0, 0, 1, 0, 1, 1, 0, 0, 0, 0, 0, 1, 0, 0, 0, 16, 0, 0, 
30, 4, Birch_Clearcut, 61, 651, 0, 19, 0, 8, 5, 0, 0, 84, 0, 0, 63, 7, 3, 23, 4, 4, 0, 0, 0, 8, 0, 20, 314, 0, 1, 0, 0, 0, 29, 3, 0, 0, 9, 47, 0, 
30, 4, Hardwood_Clearcut, 24, 417, 0, 62, 0, 20, 45, 0, 0, 35, 0, 0, 49, 0, 13, 11, 1, 21, 1, 0, 36, 1, 0, 0, 3, 0, 0, 0, 0, 0, 0, 0, 0, 68, 49, 2, 0, 
30, 4, Pine_Unevenaged, 19, 247, 33, 17, 0, 0, 0, 0, 0, 10, 0, 0, 77, 2, 7, 0, 0, 12, 2, 17, 33, 0, 0, 1, 3, 0, 1, 0, 0, 0, 2, 1, 0, 95, 0, 0, 0, 
30, 4, Oak_Unevenaged, 327, 1255, 1137, 74, 0, 162, 0, 0, 0, 96, 0, 0, 255, 159, 75, 11, 23, 63, 8, 35, 15, 79, 1, 59, 482, 1, 6, 6, 4, 3, 341, 123, 2, 60, 148, 101, 0, 
30, 4, Hardwoods_Unevenaged, 239, 492, 937, 23, 0, 93, 342, 0, 2, 124, 0, 0, 29, 12, 5, 8, 8, 0, 5, 12, 5, 12, 0, 41, 192, 0, 4, 0, 0, 0, 36, 81, 0, 6, 338, 51, 0, 
30, 4, BlackAsh_Unevenaged, 8, 64, 0, 0, 0, 0, 0, 0, 0, 0, 0, 0, 64, 0, 0, 0, 0, 0, 0, 0, 0, 0, 0, 0, 0, 0, 0, 0, 0, 0, 0, 0, 0, 0, 0, 0, 0, 
30, 4, Thinning_RedPine, 1574, 10085, 1191, 602, 11, 725, 260, 0, 6, 1013, 0, 0, 493, 313, 255, 118, 141, 168, 230, 1191, 215, 227, 0, 478, 2746, 0, 30, 1, 4, 34, 803, 401, 7, 88, 310, 406, 0, 
30, 4, Thinning_SpruceFir, 272, 2188, 224, 220, 0, 161, 129, 0, 1, 269, 0, 0, 214, 71, 70, 30, 10, 22, 2, 13, 4, 65, 0, 31, 445, 0, 0, 0, 3, 0, 206, 111, 0, 66, 144, 125, 0, 
30, 4, Thinning_Aspen, 4, 10, 0, 0, 0, 0, 0, 0, 0, 0, 0, 0, 2, 1, 0, 0, 0, 0, 0, 5, 1, 0, 0, 0, 0, 0, 0, 0, 0, 0, 0, 0, 0, 0, 0, 1, 0, 
30, 6, JPine_Clearcut, 144, 521, 0, 2, 0, 0, 0, 0, 0, 19, 0, 0, 0, 0, 0, 0, 0, 0, 178, 0, 0, 180, 0, 1, 140, 0, 1, 0, 0, 0, 0, 0, 0, 0, 0, 0, 0, 
30, 6, RPine_Clearcut_state, 12, 129, 0, 18, 0, 2, 0, 0, 0, 13, 0, 0, 0, 0, 0, 0, 0, 0, 2, 60, 24, 9, 0, 0, 0, 0, 1, 0, 0, 0, 0, 0, 0, 0, 0, 0, 0, 
30, 6, SpruceFir_Clearcut, 402, 1643, 0, 824, 2, 3, 0, 0, 0, 172, 0, 0, 109, 29, 15, 11, 37, 2, 2, 0, 1, 65, 0, 23, 242, 0, 0, 0, 0, 0, 5, 5, 0, 3, 54, 39, 0, 
30, 6, Aspen_Clearcut, 4191, 26411, 0, 1213, 43, 764, 472, 0, 0, 2236, 0, 1, 1886, 521, 245, 126, 755, 272, 195, 217, 126, 1469, 0, 596, 9118, 2, 159, 7, 0, 319, 2077, 819, 22, 559, 1084, 1108, 0, 
30, 6, Oak_Clearcut, 687, 4148, 0, 66, 0, 376, 0, 0, 0, 219, 0, 0, 494, 91, 22, 4, 9, 21, 6, 11, 1, 12, 0, 35, 222, 0, 34, 9, 102, 0, 1114, 666, 3, 11, 0, 620, 0, 
30, 6, LowlandConifer_Clearcut, 1268, 8119, 0, 61, 0, 35, 3, 0, 30, 67, 0, 0, 8, 8, 2602, 0, 0, 5211, 2, 1, 3, 2, 0, 16, 60, 1, 0, 0, 0, 0, 4, 5, 0, 0, 0, 0, 0, 
30, 6, Birch_Clearcut, 254, 1175, 0, 4, 0, 0, 0, 0, 0, 277, 0, 0, 1, 0, 2, 0, 4, 2, 1, 0, 0, 225, 0, 5, 133, 208, 0, 0, 0, 0, 296, 4, 1, 0, 0, 12, 0, 
30, 6, Hardwood_Clearcut, 278, 2597, 0, 171, 0, 6, 17, 0, 0, 180, 0, 0, 487, 331, 0, 167, 0, 6, 0, 0, 0, 1, 0, 4, 13, 0, 0, 0, 0, 0, 1, 0, 0, 491, 715, 7, 0, 
30, 6, Pine_Unevenaged, 86, 828, 114, 133, 0, 3, 4, 0, 0, 75, 0, 0, 87, 0, 12, 0, 0, 70, 1, 129, 114, 1, 0, 7, 5, 0, 0, 0, 0, 0, 73, 30, 0, 166, 32, 0, 0, 
30, 6, Oak_Unevenaged, 117, 272, 454, 0, 0, 60, 0, 0, 0, 45, 0, 0, 91, 29, 0, 2, 7, 5, 0, 1, 1, 2, 0, 5, 70, 0, 1, 1, 8, 9, 185, 72, 0, 18, 80, 34, 0, 
30, 6, Hardwoods_Unevenaged, 230, 278, 566, 25, 2, 277, 113, 0, 1, 40, 0, 0, 17, 10, 8, 2, 6, 0, 0, 2, 2, 8, 0, 25, 141, 0, 0, 0, 0, 0, 7, 40, 0, 1, 107, 10, 0, 
30, 6, BlackAsh_Unevenaged, 139, 786, 60, 41, 2, 31, 81, 0, 5, 66, 0, 0, 284, 63, 33, 7, 5, 12, 0, 4, 4, 10, 0, 14, 24, 0, 1, 0, 0, 1, 22, 15, 13, 0, 48, 60, 0, 
30, 6, SpruceFir_Unevenaged, 169, 472, 441, 248, 0, 0, 0, 0, 0, 3, 0, 0, 82, 12, 85, 1, 23, 148, 0, 1, 0, 7, 0, 9, 24, 0, 0, 0, 0, 1, 25, 3, 2, 216, 1, 22, 0, 
30, 6, Thinning_RedPine, 2002, 2224, 3358, 1, 0, 10, 0, 0, 1, 166, 0, 0, 8, 0, 49, 0, 2, 2, 13, 3358, 30, 75, 0, 564, 1083, 4, 3, 1, 0, 5, 104, 56, 12, 10, 21, 4, 0, 
30, 6, Thinning_SpruceFir, 865, 3783, 1322, 1320, 6, 227, 25, 0, 0, 438, 0, 0, 492, 149, 191, 49, 150, 164, 28, 10, 2, 79, 0, 39, 550, 2, 1, 1, 0, 0, 160, 14, 6, 622, 194, 186, 0, 
30, 8, Thinning_RedPine, 1, 0, 2, 0, 0, 0, 0, 0, 0, 0, 0, 0, 0, 0, 0, 0, 0, 0, 0, 2, 0, 0, 0, 0, 0, 0, 0, 0, 0, 0, 0, 0, 0, 0, 0, 0, 0, 
30, 5, Aspen_Clearcut, 141, 1330, 0, 105, 1, 26, 8, 0, 8, 79, 0, 0, 254, 12, 120, 3, 72, 159, 13, 14, 17, 20, 0, 3, 123, 0, 1, 0, 0, 0, 49, 21, 0, 180, 25, 17, 0, 
30, 5, LowlandConifer_Clearcut, 6, 18, 0, 0, 0, 0, 0, 0, 0, 0, 0, 0, 0, 0, 6, 0, 0, 12, 0, 0, 0, 0, 0, 0, 0, 0, 0, 0, 0, 0, 0, 0, 0, 0, 0, 0, 0, 
30, 5, Birch_Clearcut, 17, 190, 0, 0, 0, 2, 0, 0, 0, 19, 0, 0, 45, 0, 0, 0, 0, 0, 0, 2, 0, 0, 0, 1, 82, 0, 0, 0, 0, 0, 4, 5, 0, 0, 0, 30, 0, 
30, 5, Oak_Unevenaged, 56, 180, 175, 21, 0, 34, 0, 0, 0, 17, 0, 0, 27, 9, 18, 0, 1, 8, 5, 9, 4, 13, 0, 4, 86, 0, 0, 0, 0, 0, 40, 16, 0, 19, 0, 24, 0, 
30, 5, Hardwoods_Unevenaged, 10, 14, 68, 0, 0, 4, 22, 0, 4, 2, 0, 0, 0, 1, 0, 0, 0, 0, 0, 0, 0, 0, 0, 3, 7, 0, 0, 0, 0, 0, 3, 2, 0, 0, 32, 2, 0, 
30, 5, Thinning_RedPine, 206, 1168, 212, 77, 3, 57, 14, 0, 1, 130, 0, 0, 94, 14, 39, 9, 55, 37, 26, 212, 17, 42, 0, 46, 304, 0, 0, 0, 6, 8, 74, 24, 0, 12, 55, 24, 0, 
30, 5, Thinning_SpruceFir, 24, 132, 33, 7, 0, 7, 9, 0, 0, 10, 0, 1, 9, 0, 8, 0, 0, 4, 0, 48, 26, 0, 0, 0, 18, 0, 0, 0, 0, 0, 0, 2, 0, 0, 13, 3, 0, 
40, 1, JPine_Clearcut, 158, 533, 0, 9, 0, 3, 0, 0, 0, 32, 0, 0, 4, 1, 10, 0, 9, 6, 231, 78, 22, 9, 0, 11, 70, 0, 6, 0, 0, 4, 16, 1, 0, 7, 0, 4, 0, 
40, 1, RPine_Clearcut, 111, 1290, 0, 41, 0, 3, 0, 0, 0, 195, 0, 0, 0, 4, 3, 0, 97, 17, 25, 603, 156, 3, 0, 6, 113, 0, 0, 0, 0, 0, 20, 3, 0, 0, 0, 1, 0, 
40, 1, SpruceFir_Clearcut, 161, 970, 0, 271, 0, 2, 4, 0, 0, 101, 0, 0, 8, 0, 46, 14, 248, 17, 10, 10, 5, 30, 0, 9, 92, 0, 7, 0, 0, 2, 44, 2, 0, 0, 5, 43, 0, 
40, 1, Aspen_Clearcut, 4015, 51339, 0, 3212, 26, 1130, 920, 0, 17, 7533, 0, 2, 2528, 492, 1281, 805, 2132, 3733, 626, 4763, 3821, 986, 2, 973, 7975, 0, 287, 9, 6, 5, 1716, 799, 14, 2927, 1390, 1229, 0, 
40, 1, Oak_Clearcut, 111, 891, 0, 28, 3, 55, 0, 0, 0, 12, 0, 0, 72, 44, 52, 1, 8, 62, 5, 41, 18, 5, 0, 4, 113, 0, 1, 0, 0, 8, 251, 75, 0, 23, 0, 10, 0, 
40, 1, LowlandConifer_Clearcut, 318, 2914, 0, 119, 0, 26, 8, 0, 2, 154, 0, 0, 58, 4, 309, 14, 54, 1467, 53, 122, 215, 8, 0, 54, 150, 0, 8, 0, 0, 0, 36, 24, 1, 0, 18, 10, 0, 
40, 1, Birch_Clearcut, 269, 2844, 0, 27, 0, 17, 3, 0, 0, 1123, 0, 0, 23, 3, 11, 158, 58, 50, 8, 52, 71, 30, 0, 92, 879, 0, 29, 2, 1, 0, 34, 18, 0, 4, 13, 138, 0, 
40, 1, Hardwood_Clearcut, 158, 1594, 0, 267, 0, 77, 122, 0, 20, 103, 0, 0, 101, 19, 56, 8, 25, 145, 1, 7, 7, 30, 0, 7, 113, 0, 0, 0, 0, 0, 2, 0, 6, 217, 170, 91, 0, 
40, 1, Pine_Unevenaged, 329, 3387, 533, 242, 1, 76, 52, 0, 6, 482, 0, 0, 140, 6, 94, 28, 129, 280, 116, 700, 533, 34, 0, 58, 400, 0, 9, 0, 0, 3, 67, 30, 0, 324, 49, 61, 0, 
40, 1, Oak_Unevenaged, 1452, 5449, 5475, 495, 1, 502, 0, 0, 0, 416, 0, 1, 661, 190, 436, 142, 182, 626, 103, 579, 223, 404, 1, 317, 2494, 0, 83, 7, 46, 33, 1312, 367, 10, 318, 515, 460, 0, 
40, 1, Hardwoods_Unevenaged, 299, 400, 924, 25, 1, 219, 265, 0, 4, 63, 0, 0, 43, 16, 4, 5, 5, 3, 3, 6, 12, 20, 0, 39, 150, 0, 3, 0, 0, 1, 43, 77, 1, 1, 280, 35, 0, 
40, 1, BlackAsh_Unevenaged, 40, 330, 8, 22, 0, 10, 9, 0, 0, 44, 0, 0, 118, 5, 2, 5, 5, 12, 0, 9, 6, 1, 0, 2, 2, 0, 0, 0, 0, 0, 28, 12, 0, 0, 38, 8, 0, 
40, 1, SpruceFir_Unevenaged, 24, 146, 87, 48, 0, 0, 0, 0, 0, 0, 0, 0, 1, 0, 23, 0, 0, 39, 0, 0, 0, 1, 0, 2, 1, 0, 0, 0, 0, 0, 0, 0, 0, 118, 0, 0, 0, 
40, 1, Thinning_RedPine, 6015, 34938, 7029, 1384, 2, 1339, 619, 0, 19, 4362, 0, 5, 1136, 356, 455, 650, 1553, 528, 1019, 7029, 1397, 1532, 0, 2152, 10635, 3, 797, 20, 1, 90, 1922, 652, 20, 328, 676, 1286, 0, 
40, 1, Thinning_SpruceFir, 1429, 10420, 755, 697, 2, 431, 213, 0, 8, 1337, 0, 0, 601, 195, 203, 248, 715, 234, 143, 488, 58, 922, 1, 250, 2507, 0, 12, 1, 2, 12, 549, 221, 32, 152, 372, 569, 0, 
40, 1, Thinning_Aspen, 78, 125, 63, 14, 0, 8, 0, 0, 0, 14, 0, 0, 5, 4, 3, 0, 2, 3, 26, 32, 0, 4, 0, 7, 36, 0, 0, 0, 0, 1, 6, 7, 1, 2, 5, 8, 0, 
40, 4, JPine_Clearcut, 21, 74, 0, 0, 0, 0, 0, 0, 0, 0, 0, 0, 2, 0, 0, 0, 0, 0, 49, 0, 0, 2, 0, 0, 6, 0, 14, 0, 0, 0, 1, 0, 0, 0, 0, 0, 0, 
40, 4, RPine_Clearcut, 21, 233, 0, 25, 0, 6, 0, 0, 0, 23, 0, 0, 0, 0, 0, 0, 0, 1, 10, 97, 26, 10, 0, 3, 23, 0, 0, 0, 0, 0, 5, 4, 0, 0, 0, 0, 0, 
40, 4, SpruceFir_Clearcut, 30, 192, 0, 61, 0, 5, 3, 0, 0, 6, 0, 0, 5, 0, 18, 0, 39, 0, 0, 0, 1, 0, 0, 3, 27, 0, 0, 0, 0, 0, 19, 0, 1, 0, 1, 3, 0, 
40, 4, Aspen_Clearcut, 1053, 13437, 0, 843, 20, 882, 921, 1, 8, 1173, 0, 2, 963, 175, 416, 157, 342, 427, 64, 348, 195, 303, 0, 358, 2184, 0, 22, 1, 1, 9, 902, 459, 4, 283, 1565, 408, 1, 
40, 4, Oak_Clearcut, 14, 94, 0, 0, 25, 2, 0, 0, 0, 0, 0, 0, 0, 0, 0, 0, 0, 0, 0, 0, 0, 0, 0, 2, 0, 0, 0, 0, 0, 0, 60, 5, 0, 0, 0, 0, 0, 
40, 4, LowlandConifer_Clearcut, 51, 315, 0, 24, 0, 2, 0, 0, 0, 1, 0, 0, 25, 5, 55, 0, 0, 198, 0, 0, 0, 0, 0, 1, 2, 0, 0, 0, 0, 0, 1, 0, 0, 0, 0, 1, 0, 
40, 4, Birch_Clearcut, 53, 478, 0, 29, 0, 23, 18, 0, 5, 115, 0, 2, 24, 0, 4, 1, 15, 0, 0, 21, 13, 18, 0, 0, 130, 0, 0, 5, 0, 0, 15, 13, 0, 7, 13, 7, 0, 
40, 4, Hardwood_Clearcut, 25, 291, 0, 9, 0, 4, 82, 0, 0, 75, 0, 0, 34, 3, 3, 14, 2, 0, 1, 0, 0, 1, 0, 0, 2, 0, 0, 0, 0, 0, 0, 0, 0, 12, 46, 3, 0, 
40, 4, Pine_Unevenaged, 19, 178, 40, 5, 0, 8, 0, 0, 0, 20, 0, 0, 40, 0, 4, 4, 1, 8, 0, 10, 40, 0, 0, 2, 2, 0, 0, 0, 0, 0, 9, 3, 0, 52, 0, 10, 0, 
40, 4, Oak_Unevenaged, 328, 1184, 1375, 129, 1, 144, 0, 0, 0, 88, 0, 1, 178, 68, 94, 20, 14, 86, 36, 78, 21, 52, 0, 104, 568, 0, 25, 2, 4, 12, 372, 111, 0, 43, 183, 125, 0, 
40, 4, Hardwoods_Unevenaged, 127, 173, 407, 12, 0, 93, 142, 0, 1, 29, 0, 0, 12, 6, 3, 0, 0, 0, 2, 1, 1, 6, 0, 16, 87, 0, 0, 0, 1, 0, 15, 42, 0, 1, 101, 9, 0, 
40, 4, BlackAsh_Unevenaged, 8, 65, 2, 2, 0, 0, 0, 0, 0, 1, 0, 0, 55, 2, 2, 0, 0, 1, 0, 0, 0, 0, 0, 0, 0, 0, 0, 0, 0, 0, 0, 0, 1, 0, 1, 2, 0, 
40, 4, Thinning_RedPine, 1570, 9402, 2558, 1284, 3, 319, 78, 0, 0, 1285, 0, 0, 223, 455, 42, 32, 818, 69, 447, 2558, 147, 425, 0, 304, 2695, 0, 17, 0, 12, 22, 285, 139, 2, 49, 117, 133, 0, 
40, 4, Thinning_SpruceFir, 268, 1568, 238, 238, 0, 132, 77, 0, 0, 125, 0, 1, 166, 32, 62, 32, 40, 34, 14, 16, 0, 44, 0, 48, 356, 0, 4, 0, 0, 4, 99, 59, 1, 60, 122, 40, 0, 
40, 4, Thinning_Aspen, 8, 2, 10, 0, 0, 0, 0, 0, 0, 6, 0, 0, 0, 0, 1, 0, 0, 0, 0, 0, 0, 0, 0, 0, 4, 0, 0, 0, 0, 0, 0, 1, 0, 0, 0, 0, 0, 
40, 6, JPine_Clearcut, 53, 88, 0, 0, 0, 0, 0, 0, 0, 0, 0, 0, 0, 0, 1, 0, 0, 0, 56, 0, 1, 0, 0, 2, 28, 0, 0, 0, 0, 0, 0, 0, 0, 0, 0, 0, 0, 
40, 6, RPine_Clearcut_state, 16, 128, 0, 0, 0, 8, 0, 0, 0, 0, 0, 0, 0, 0, 21, 0, 0, 35, 0, 46, 16, 0, 0, 0, 1, 0, 0, 1, 0, 0, 0, 0, 0, 0, 0, 0, 0, 
40, 6, SpruceFir_Clearcut, 409, 966, 0, 620, 0, 3, 0, 0, 0, 50, 0, 0, 13, 1, 12, 0, 43, 0, 1, 0, 1, 18, 0, 27, 125, 0, 0, 0, 1, 3, 30, 7, 3, 1, 2, 5, 0, 
40, 6, Aspen_Clearcut, 3638, 12688, 0, 517, 5, 703, 297, 0, 9, 717, 0, 0, 505, 434, 313, 13, 398, 79, 33, 15, 13, 977, 0, 508, 5254, 0, 37, 73, 0, 120, 743, 160, 7, 194, 277, 284, 3, 
40, 6, Oak_Clearcut, 689, 2555, 0, 3, 0, 71, 0, 0, 0, 42, 0, 0, 87, 27, 11, 2, 40, 34, 0, 1, 3, 19, 0, 57, 247, 1, 3, 0, 56, 91, 1105, 436, 1, 1, 1, 216, 0, 
40, 6, LowlandConifer_Clearcut, 1262, 9264, 0, 77, 0, 262, 271, 0, 0, 80, 0, 0, 80, 6, 4640, 0, 1, 3045, 103, 0, 3, 6, 0, 15, 36, 0, 0, 0, 134, 0, 145, 202, 0, 0, 84, 74, 0, 
40, 6, Birch_Clearcut, 252, 863, 0, 30, 0, 17, 0, 0, 0, 365, 0, 0, 37, 5, 6, 0, 0, 0, 21, 0, 0, 102, 0, 15, 179, 3, 0, 0, 0, 0, 54, 18, 2, 5, 1, 3, 0, 
40, 6, Hardwood_Clearcut, 150, 1248, 0, 28, 0, 0, 353, 0, 0, 28, 0, 0, 165, 256, 0, 0, 0, 0, 0, 0, 10, 3, 0, 4, 3, 0, 0, 2, 0, 0, 35, 0, 0, 0, 360, 1, 0, 
40, 6, Pine_Unevenaged, 86, 826, 107, 112, 0, 19, 6, 0, 0, 93, 0, 0, 115, 0, 3, 9, 8, 25, 3, 115, 107, 0, 0, 3, 5, 0, 0, 0, 0, 0, 93, 37, 2, 116, 27, 35, 0, 
40, 6, Oak_Unevenaged, 117, 132, 381, 0, 0, 29, 0, 0, 0, 5, 0, 0, 41, 16, 0, 0, 4, 1, 0, 0, 0, 7, 0, 9, 50, 0, 0, 0, 1, 3, 201, 47, 0, 0, 82, 17, 0, 
40, 6, Hardwoods_Unevenaged, 151, 45, 406, 17, 0, 224, 71, 0, 1, 5, 0, 0, 1, 1, 1, 1, 0, 0, 0, 0, 0, 2, 0, 5, 11, 0, 0, 0, 0, 0, 17, 25, 0, 0, 68, 1, 0, 
40, 6, BlackAsh_Unevenaged, 116, 549, 61, 16, 0, 37, 18, 0, 3, 47, 0, 0, 220, 26, 48, 5, 2, 13, 0, 4, 5, 12, 0, 14, 27, 0, 0, 0, 0, 0, 26, 8, 7, 0, 11, 61, 0, 
40, 6, SpruceFir_Unevenaged, 91, 510, 283, 182, 0, 6, 0, 0, 0, 0, 0, 0, 1, 0, 44, 0, 8, 90, 0, 0, 0, 7, 0, 3, 3, 0, 0, 0, 0, 1, 7, 1, 0, 437, 0, 3, 0, 
40, 6, Thinning_RedPine, 2127, 1961, 3163, 0, 0, 3, 0, 0, 0, 152, 0, 0, 7, 1, 12, 0, 1, 0, 3, 3163, 320, 32, 0, 427, 913, 1, 0, 0, 0, 0, 26, 41, 7, 1, 1, 13, 0, 
40, 6, Thinning_SpruceFir, 860, 2074, 1112, 1112, 0, 40, 38, 0, 0, 270, 0, 0, 227, 69, 230, 23, 113, 130, 0, 0, 0, 43, 0, 94, 308, 2, 7, 0, 0, 2, 99, 16, 6, 116, 117, 124, 0, 
40, 8, Thinning_RedPine, 1, 0, 2, 0, 0, 0, 0, 0, 0, 0, 0, 0, 0, 0, 0, 0, 0, 0, 0, 2, 0, 0, 0, 0, 0, 0, 0, 0, 0, 0, 0, 0, 0, 0, 0, 0, 0, 
40, 5, Aspen_Clearcut, 136, 1034, 0, 54, 3, 30, 72, 0, 2, 87, 0, 0, 76, 12, 80, 0, 7, 73, 8, 72, 7, 5, 0, 18, 139, 0, 1, 0, 0, 24, 42, 31, 0, 41, 125, 25, 0, 
40, 5, LowlandConifer_Clearcut, 1, 14, 0, 0, 0, 0, 0, 0, 0, 0, 0, 0, 0, 0, 7, 0, 0, 7, 0, 0, 0, 0, 0, 0, 0, 0, 0, 0, 0, 0, 0, 0, 0, 0, 0, 0, 0, 
40, 5, Birch_Clearcut, 17, 140, 0, 8, 0, 0, 14, 0, 2, 6, 0, 0, 13, 0, 1, 0, 0, 0, 0, 0, 0, 0, 0, 0, 70, 0, 0, 0, 0, 0, 6, 0, 1, 0, 6, 13, 0, 
40, 5, Oak_Unevenaged, 51, 128, 149, 15, 0, 54, 0, 0, 0, 13, 0, 0, 21, 9, 2, 0, 2, 0, 0, 1, 0, 1, 0, 1, 80, 0, 0, 0, 0, 0, 48, 11, 0, 1, 2, 16, 0, 
40, 5, Hardwoods_Unevenaged, 2, 3, 12, 0, 0, 0, 4, 0, 1, 0, 0, 0, 0, 0, 0, 0, 0, 0, 0, 0, 0, 0, 0, 0, 2, 0, 0, 0, 0, 0, 0, 0, 0, 0, 7, 1, 0, 
40, 5, Thinning_RedPine, 202, 877, 110, 37, 0, 48, 27, 0, 0, 93, 0, 0, 50, 22, 45, 6, 13, 33, 12, 110, 19, 21, 0, 46, 250, 1, 0, 0, 0, 2, 40, 7, 3, 36, 33, 33, 0, 
40, 5, Thinning_SpruceFir, 29, 155, 25, 25, 0, 7, 0, 0, 0, 13, 0, 0, 0, 0, 7, 0, 30, 0, 0, 0, 0, 10, 0, 0, 54, 0, 0, 0, 0, 0, 0, 0, 0, 18, 0, 16, 0, 
50, 1, JPine_Clearcut, 49, 125, 0, 1, 0, 1, 0, 0, 0, 2, 0, 0, 0, 0, 2, 0, 1, 0, 63, 9, 5, 0, 0, 6, 31, 0, 1, 0, 0, 0, 3, 0, 0, 0, 0, 0, 0, 
50, 1, RPine_Clearcut, 107, 983, 0, 3, 0, 12, 0, 0, 0, 174, 0, 0, 0, 0, 0, 3, 36, 0, 27, 533, 81, 9, 0, 47, 35, 0, 4, 0, 0, 1, 9, 7, 0, 0, 1, 1, 0, 
50, 1, SpruceFir_Clearcut, 176, 843, 0, 158, 0, 30, 26, 0, 0, 101, 0, 0, 48, 5, 10, 23, 127, 19, 7, 8, 16, 17, 0, 34, 107, 0, 0, 1, 0, 0, 54, 4, 0, 2, 6, 40, 0, 
50, 1, Aspen_Clearcut, 4007, 47747, 0, 2521, 3, 1392, 927, 0, 47, 6246, 0, 1, 2689, 347, 1631, 681, 2015, 3362, 629, 4695, 3450, 868, 1, 1096, 6351, 0, 143, 0, 56, 27, 1695, 760, 30, 3681, 1458, 944, 1, 
50, 1, Oak_Clearcut, 106, 818, 0, 39, 4, 28, 0, 0, 0, 7, 0, 2, 51, 10, 43, 14, 28, 109, 4, 28, 23, 4, 0, 23, 95, 0, 4, 0, 0, 6, 81, 40, 0, 154, 0, 21, 0, 
50, 1, LowlandConifer_Clearcut, 316, 2733, 0, 133, 0, 27, 10, 0, 2, 268, 0, 0, 18, 7, 243, 16, 54, 993, 74, 255, 230, 13, 0, 28, 236, 0, 3, 0, 3, 0, 43, 13, 0, 0, 34, 30, 0, 
50, 1, Birch_Clearcut, 269, 2833, 0, 37, 0, 24, 24, 0, 1, 1213, 0, 0, 29, 5, 16, 87, 54, 17, 10, 20, 41, 72, 0, 103, 879, 0, 45, 0, 0, 0, 28, 33, 0, 14, 22, 59, 0, 
50, 1, Hardwood_Clearcut, 160, 1856, 0, 140, 0, 21, 196, 0, 3, 204, 0, 0, 148, 30, 34, 0, 43, 63, 0, 57, 15, 18, 14, 64, 150, 0, 0, 0, 0, 0, 3, 0, 1, 180, 364, 108, 0, 
50, 1, Pine_Unevenaged, 327, 3567, 494, 118, 1, 73, 44, 0, 2, 694, 0, 0, 105, 12, 77, 43, 195, 211, 78, 774, 494, 40, 0, 118, 400, 0, 31, 0, 0, 4, 103, 61, 2, 282, 57, 42, 0, 
50, 1, Oak_Unevenaged, 1452, 4108, 5906, 497, 11, 643, 0, 0, 0, 164, 0, 3, 454, 207, 434, 88, 208, 587, 102, 517, 132, 280, 1, 224, 2003, 2, 49, 3, 41, 36, 1522, 427, 3, 287, 574, 515, 0, 
50, 1, Hardwoods_Unevenaged, 323, 367, 1089, 26, 0, 177, 349, 0, 5, 49, 0, 0, 26, 11, 6, 2, 4, 3, 1, 11, 12, 9, 0, 60, 143, 0, 0, 0, 0, 3, 32, 95, 1, 9, 398, 24, 0, 
50, 1, BlackAsh_Unevenaged, 41, 342, 23, 47, 0, 11, 15, 0, 1, 43, 0, 0, 86, 3, 14, 3, 2, 16, 0, 19, 15, 1, 0, 1, 5, 0, 0, 0, 0, 0, 20, 9, 0, 0, 31, 23, 0, 
50, 1, SpruceFir_Unevenaged, 24, 140, 87, 36, 0, 0, 0, 0, 0, 0, 0, 0, 7, 0, 15, 0, 1, 48, 0, 0, 0, 0, 0, 3, 0, 0, 0, 0, 0, 0, 0, 0, 0, 115, 0, 2, 0, 
50, 1, Thinning_RedPine, 6012, 27591, 5933, 1367, 5, 952, 460, 0, 14, 3760, 0, 0, 1033, 267, 592, 507, 1033, 776, 299, 5931, 791, 983, 1, 1907, 7857, 3, 283, 1, 13, 94, 1940, 672, 33, 490, 618, 840, 2, 
50, 1, Thinning_SpruceFir, 1428, 8366, 734, 630, 0, 304, 54, 0, 1, 989, 0, 14, 374, 145, 181, 175, 650, 372, 91, 491, 104, 788, 0, 348, 2096, 0, 29, 0, 1, 4, 385, 100, 5, 210, 170, 389, 0, 
50, 1, Thinning_Aspen, 78, 51, 90, 0, 0, 1, 0, 0, 0, 20, 0, 0, 1, 2, 8, 0, 3, 0, 0, 17, 1, 10, 0, 12, 45, 0, 0, 0, 0, 0, 5, 5, 1, 3, 1, 6, 0, 
50, 4, JPine_Clearcut, 23, 85, 0, 0, 0, 0, 0, 0, 0, 0, 0, 0, 0, 0, 0, 0, 0, 0, 62, 0, 2, 0, 0, 3, 0, 0, 18, 0, 0, 0, 0, 0, 0, 0, 0, 0, 0, 
50, 4, RPine_Clearcut, 21, 150, 0, 0, 0, 1, 0, 0, 0, 4, 0, 0, 0, 0, 0, 0, 0, 0, 0, 79, 1, 0, 0, 27, 28, 0, 1, 0, 0, 0, 4, 5, 0, 0, 0, 0, 0, 
50, 4, SpruceFir_Clearcut, 39, 170, 0, 59, 0, 10, 10, 0, 0, 7, 0, 0, 4, 1, 1, 0, 18, 0, 0, 0, 5, 4, 0, 5, 21, 0, 0, 0, 0, 0, 18, 4, 0, 0, 0, 3, 0, 
50, 4, Aspen_Clearcut, 1047, 12522, 0, 977, 10, 758, 643, 0, 91, 1004, 0, 2, 1388, 249, 570, 80, 215, 650, 70, 307, 167, 227, 0, 146, 1501, 0, 13, 6, 3, 11, 821, 302, 14, 1102, 888, 307, 0, 
50, 4, Oak_Clearcut, 16, 96, 0, 0, 0, 12, 0, 0, 0, 0, 0, 0, 0, 7, 0, 0, 0, 0, 0, 0, 0, 0, 0, 0, 7, 0, 0, 0, 0, 0, 49, 21, 0, 0, 0, 0, 0, 
50, 4, LowlandConifer_Clearcut, 48, 298, 0, 19, 0, 7, 0, 0, 0, 0, 0, 0, 10, 3, 58, 0, 0, 190, 0, 0, 0, 0, 0, 4, 3, 0, 0, 0, 0, 0, 1, 0, 0, 0, 3, 0, 0, 
50, 4, Birch_Clearcut, 50, 396, 0, 22, 0, 12, 3, 0, 9, 101, 0, 0, 13, 2, 6, 1, 4, 12, 3, 10, 7, 9, 0, 2, 126, 0, 0, 1, 0, 0, 13, 23, 0, 2, 8, 7, 0, 
50, 4, Hardwood_Clearcut, 26, 290, 0, 36, 0, 8, 39, 0, 4, 7, 0, 0, 44, 10, 4, 0, 3, 6, 0, 0, 1, 0, 0, 0, 0, 0, 0, 0, 0, 0, 5, 0, 4, 18, 72, 29, 0, 
50, 4, Pine_Unevenaged, 19, 174, 27, 2, 0, 10, 0, 0, 0, 14, 0, 0, 32, 0, 7, 4, 0, 19, 0, 25, 27, 1, 0, 1, 8, 0, 1, 0, 0, 0, 13, 4, 0, 20, 4, 9, 0, 
50, 4, Oak_Unevenaged, 329, 814, 1291, 107, 2, 151, 0, 0, 0, 36, 0, 0, 82, 78, 99, 10, 28, 85, 11, 17, 4, 63, 0, 44, 418, 0, 5, 2, 14, 5, 430, 102, 3, 41, 145, 123, 0, 
50, 4, Hardwoods_Unevenaged, 135, 119, 496, 8, 0, 60, 192, 0, 2, 27, 0, 0, 10, 8, 0, 2, 0, 0, 0, 0, 2, 2, 0, 10, 52, 0, 1, 0, 0, 0, 15, 55, 0, 0, 160, 9, 0, 
50, 4, BlackAsh_Unevenaged, 8, 96, 4, 0, 0, 9, 0, 0, 0, 26, 0, 0, 46, 0, 0, 3, 0, 0, 0, 0, 0, 0, 0, 0, 0, 0, 0, 0, 0, 0, 3, 9, 0, 0, 0, 4, 0, 
50, 4, Thinning_RedPine, 1564, 3518, 2646, 197, 0, 45, 10, 0, 0, 491, 0, 0, 33, 102, 25, 4, 124, 32, 62, 2646, 41, 85, 0, 423, 1442, 4, 8, 0, 13, 7, 226, 71, 14, 15, 19, 25, 0, 
50, 4, Thinning_SpruceFir, 270, 1254, 221, 221, 0, 46, 8, 0, 0, 102, 0, 0, 102, 54, 23, 5, 70, 21, 8, 25, 0, 56, 0, 31, 304, 0, 1, 0, 0, 0, 162, 15, 0, 11, 108, 102, 0, 
50, 4, Thinning_Aspen, 6, 9, 0, 0, 0, 0, 0, 0, 0, 0, 0, 0, 4, 0, 0, 0, 0, 0, 0, 0, 0, 0, 0, 0, 0, 0, 0, 0, 0, 0, 0, 0, 0, 5, 0, 0, 0, 
50, 6, JPine_Clearcut, 7, 8, 0, 0, 0, 0, 0, 0, 0, 0, 0, 0, 0, 0, 0, 0, 0, 0, 6, 0, 0, 0, 0, 1, 1, 0, 0, 0, 0, 0, 0, 0, 0, 0, 0, 0, 0, 
50, 6, RPine_Clearcut_state, 249, 1061, 0, 0, 0, 10, 0, 0, 0, 23, 0, 0, 0, 0, 8, 0, 0, 0, 4, 858, 22, 12, 0, 24, 75, 0, 0, 0, 0, 0, 11, 9, 0, 0, 2, 3, 0, 
50, 6, SpruceFir_Clearcut, 437, 1211, 0, 735, 0, 4, 0, 0, 0, 46, 0, 0, 3, 3, 12, 1, 0, 1, 1, 0, 0, 21, 0, 137, 209, 1, 3, 0, 0, 0, 6, 14, 7, 2, 4, 1, 0, 
50, 6, Aspen_Clearcut, 4194, 20687, 0, 1349, 50, 226, 83, 0, 8, 1368, 0, 0, 721, 155, 4513, 16, 215, 3073, 276, 42, 11, 288, 1, 1057, 2450, 7, 12, 6, 0, 10, 545, 369, 66, 3352, 206, 212, 0, 
50, 6, Oak_Clearcut, 680, 1971, 0, 1, 0, 180, 0, 0, 0, 20, 0, 0, 38, 0, 7, 0, 35, 0, 0, 0, 2, 25, 0, 73, 191, 0, 0, 0, 0, 8, 1140, 181, 5, 0, 2, 63, 0, 
50, 6, LowlandConifer_Clearcut, 1264, 6929, 0, 59, 0, 31, 4, 0, 0, 407, 0, 0, 9, 12, 3845, 0, 0, 2315, 71, 1, 8, 9, 0, 36, 50, 1, 0, 0, 2, 0, 11, 7, 20, 0, 21, 10, 0, 
50, 6, Birch_Clearcut, 250, 487, 0, 0, 0, 0, 0, 0, 0, 241, 0, 0, 19, 0, 2, 0, 1, 0, 5, 0, 0, 46, 0, 46, 59, 23, 0, 0, 0, 0, 30, 2, 2, 10, 0, 1, 0, 
50, 6, Hardwood_Clearcut, 94, 1005, 0, 84, 0, 0, 66, 0, 1, 89, 0, 0, 386, 67, 4, 0, 16, 1, 0, 16, 4, 7, 0, 9, 9, 0, 2, 0, 0, 0, 8, 2, 48, 51, 36, 99, 0, 
50, 6, Pine_Unevenaged, 86, 480, 139, 21, 0, 16, 0, 0, 0, 58, 0, 0, 45, 3, 7, 8, 1, 19, 1, 75, 139, 4, 0, 19, 31, 0, 0, 1, 0, 0, 61, 27, 0, 46, 16, 21, 0, 
50, 6, Oak_Unevenaged, 116, 76, 374, 3, 0, 39, 0, 0, 0, 7, 0, 0, 17, 8, 4, 0, 7, 4, 0, 0, 0, 4, 0, 6, 26, 0, 0, 0, 0, 0, 149, 73, 1, 0, 96, 6, 0, 
50, 6, Hardwoods_Unevenaged, 142, 57, 370, 11, 0, 227, 70, 0, 0, 6, 0, 0, 5, 1, 1, 0, 0, 0, 0, 1, 1, 0, 0, 8, 23, 0, 0, 1, 0, 0, 7, 20, 0, 0, 43, 2, 0, 
50, 6, BlackAsh_Unevenaged, 58, 148, 40, 1, 0, 5, 1, 0, 0, 11, 0, 0, 52, 7, 8, 0, 0, 1, 0, 0, 0, 4, 0, 14, 18, 0, 0, 0, 0, 0, 14, 1, 1, 0, 10, 40, 0, 
50, 6, SpruceFir_Unevenaged, 114, 553, 343, 218, 0, 0, 0, 0, 0, 0, 0, 0, 22, 7, 35, 0, 0, 103, 0, 2, 0, 2, 0, 3, 0, 1, 0, 0, 0, 0, 0, 0, 1, 467, 13, 22, 0, 
50, 6, Thinning_RedPine, 1730, 2674, 2805, 0, 0, 9, 55, 0, 0, 147, 0, 0, 17, 54, 25, 2, 0, 5, 6, 2805, 884, 50, 0, 522, 769, 0, 2, 0, 0, 3, 34, 32, 8, 7, 36, 7, 0, 
50, 6, Thinning_SpruceFir, 860, 1525, 989, 989, 0, 11, 0, 0, 4, 199, 0, 0, 69, 15, 165, 5, 294, 71, 2, 1, 0, 27, 0, 148, 235, 0, 0, 1, 0, 16, 105, 28, 44, 34, 6, 45, 0, 
50, 5, Aspen_Clearcut, 154, 1624, 0, 70, 0, 59, 17, 0, 2, 132, 0, 0, 118, 29, 210, 11, 24, 325, 37, 39, 18, 44, 0, 49, 112, 8, 0, 0, 0, 8, 53, 47, 10, 124, 25, 53, 0, 
50, 5, LowlandConifer_Clearcut, 1, 15, 0, 2, 0, 0, 0, 0, 0, 3, 0, 0, 0, 0, 0, 0, 2, 1, 0, 3, 1, 2, 0, 0, 0, 0, 0, 0, 0, 0, 0, 0, 0, 0, 0, 1, 0, 
50, 5, Birch_Clearcut, 1, 12, 0, 0, 0, 0, 0, 0, 0, 3, 0, 0, 0, 0, 0, 0, 0, 0, 0, 0, 0, 0, 0, 3, 6, 0, 0, 0, 0, 0, 0, 0, 0, 0, 0, 0, 0, 
50, 5, Oak_Unevenaged, 48, 165, 101, 17, 0, 23, 0, 0, 0, 11, 0, 0, 9, 9, 5, 0, 3, 9, 0, 0, 0, 19, 0, 8, 82, 0, 0, 0, 0, 0, 31, 7, 0, 24, 0, 9, 0, 
50, 5, Hardwoods_Unevenaged, 4, 10, 32, 0, 2, 0, 12, 0, 3, 0, 0, 0, 0, 1, 0, 3, 0, 0, 0, 0, 0, 0, 0, 0, 4, 0, 0, 0, 0, 0, 3, 0, 0, 0, 12, 2, 0, 
50, 5, Thinning_RedPine, 213, 430, 215, 0, 0, 14, 0, 0, 0, 42, 0, 0, 1, 0, 8, 1, 1, 0, 1, 215, 5, 12, 0, 98, 182, 2, 1, 0, 0, 4, 44, 8, 1, 0, 5, 0, 0, 
50, 5, Thinning_SpruceFir, 55, 315, 5, 5, 0, 39, 25, 0, 0, 29, 0, 0, 29, 13, 0, 0, 5, 0, 4, 0, 0, 4, 0, 1, 42, 0, 0, 0, 0, 0, 66, 3, 0, 0, 49, 6, 0, 
60, 1, JPine_Clearcut, 154, 941, 0, 1, 0, 3, 0, 0, 0, 21, 0, 0, 2, 0, 4, 0, 1, 0, 820, 2, 1, 2, 0, 27, 46, 0, 1, 0, 0, 0, 3, 2, 0, 2, 0, 3, 0, 
60, 1, RPine_Clearcut, 117, 895, 0, 7, 0, 3, 3, 0, 0, 122, 0, 0, 9, 0, 2, 2, 38, 9, 14, 437, 115, 16, 0, 37, 63, 0, 4, 0, 0, 0, 5, 1, 0, 0, 3, 5, 0, 
60, 1, SpruceFir_Clearcut, 159, 719, 0, 189, 0, 15, 7, 0, 0, 44, 0, 0, 30, 7, 16, 1, 139, 6, 3, 17, 19, 9, 0, 12, 87, 0, 0, 0, 1, 0, 90, 2, 0, 0, 6, 19, 0, 
60, 1, Aspen_Clearcut, 4005, 51265, 0, 3002, 23, 1725, 1603, 0, 111, 6593, 0, 4, 3658, 238, 1404, 516, 2286, 3344, 1054, 5035, 3420, 1281, 4, 1023, 6735, 0, 214, 2, 25, 17, 1741, 688, 27, 2533, 1554, 1404, 1, 
60, 1, Oak_Clearcut, 112, 823, 0, 35, 0, 32, 0, 0, 0, 2, 0, 7, 11, 20, 56, 1, 13, 91, 59, 110, 9, 0, 0, 22, 109, 0, 10, 1, 6, 9, 113, 73, 0, 25, 0, 9, 0, 
60, 1, LowlandConifer_Clearcut, 316, 2797, 0, 205, 0, 104, 25, 0, 0, 212, 0, 0, 79, 12, 303, 7, 42, 741, 43, 198, 145, 43, 0, 35, 349, 0, 5, 0, 0, 7, 122, 19, 1, 0, 59, 41, 0, 
60, 1, Birch_Clearcut, 270, 2473, 0, 12, 0, 24, 17, 0, 0, 1030, 0, 0, 7, 4, 10, 78, 24, 35, 3, 64, 61, 71, 0, 140, 716, 0, 11, 0, 0, 0, 44, 38, 2, 7, 15, 60, 0, 
60, 1, Hardwood_Clearcut, 166, 1945, 0, 174, 0, 52, 297, 0, 20, 183, 0, 0, 193, 6, 45, 15, 15, 67, 3, 41, 51, 13, 0, 29, 168, 0, 3, 0, 3, 0, 14, 3, 1, 153, 337, 59, 0, 
60, 1, Pine_Unevenaged, 328, 3317, 563, 176, 0, 95, 58, 0, 1, 482, 0, 0, 142, 9, 85, 60, 197, 161, 56, 551, 563, 46, 0, 118, 555, 0, 32, 0, 2, 3, 130, 45, 3, 196, 49, 65, 0, 
60, 1, Oak_Unevenaged, 1452, 3350, 5326, 423, 10, 485, 0, 0, 0, 26, 0, 2, 377, 156, 351, 57, 127, 422, 101, 494, 103, 203, 0, 319, 1715, 1, 50, 2, 24, 41, 1667, 388, 5, 206, 486, 434, 1, 
60, 1, Hardwoods_Unevenaged, 296, 359, 913, 28, 0, 189, 240, 0, 1, 49, 0, 0, 40, 17, 2, 11, 3, 3, 1, 9, 16, 9, 0, 71, 107, 0, 5, 0, 2, 0, 63, 102, 0, 4, 276, 24, 0, 
60, 1, BlackAsh_Unevenaged, 40, 286, 17, 22, 0, 18, 30, 0, 2, 36, 0, 0, 56, 5, 32, 2, 2, 27, 0, 0, 5, 1, 0, 2, 1, 0, 0, 0, 2, 1, 16, 3, 1, 0, 22, 17, 0, 
60, 1, SpruceFir_Unevenaged, 24, 101, 100, 32, 0, 1, 0, 0, 0, 0, 0, 0, 0, 0, 19, 0, 0, 67, 0, 0, 0, 0, 0, 2, 0, 0, 0, 0, 0, 0, 2, 0, 1, 76, 0, 1, 0, 
60, 1, Thinning_RedPine, 5979, 18426, 4987, 717, 2, 466, 265, 0, 4, 2616, 0, 0, 554, 93, 254, 245, 376, 436, 143, 4987, 731, 670, 1, 2338, 5710, 2, 194, 9, 9, 45, 1078, 301, 53, 256, 358, 500, 0, 
60, 1, Thinning_SpruceFir, 1425, 6830, 921, 795, 2, 142, 36, 0, 0, 715, 0, 1, 186, 98, 125, 241, 958, 366, 70, 488, 126, 492, 1, 298, 1488, 0, 168, 0, 5, 8, 260, 74, 3, 78, 80, 447, 0, 
60, 1, Thinning_Aspen, 87, 60, 81, 0, 0, 1, 0, 0, 0, 20, 0, 0, 1, 3, 4, 0, 0, 0, 4, 11, 7, 6, 0, 8, 47, 0, 2, 1, 0, 0, 18, 5, 1, 2, 0, 0, 0, 
60, 4, JPine_Clearcut, 30, 94, 0, 0, 0, 1, 0, 0, 0, 0, 0, 0, 0, 0, 0, 0, 0, 0, 29, 0, 0, 0, 0, 26, 28, 0, 0, 0, 0, 0, 6, 3, 0, 0, 0, 1, 0, 
60, 4, RPine_Clearcut, 23, 201, 0, 2, 0, 0, 0, 0, 0, 12, 0, 0, 0, 0, 0, 0, 0, 0, 4, 100, 15, 2, 0, 12, 28, 0, 0, 0, 0, 0, 23, 0, 0, 0, 0, 3, 0, 
60, 4, SpruceFir_Clearcut, 31, 215, 0, 60, 0, 2, 0, 0, 0, 23, 0, 0, 0, 4, 1, 0, 28, 4, 0, 0, 0, 24, 0, 7, 30, 0, 0, 0, 0, 0, 8, 0, 0, 0, 0, 24, 0, 
60, 4, Aspen_Clearcut, 1048, 11256, 0, 639, 8, 691, 501, 0, 20, 1095, 0, 8, 849, 116, 638, 129, 130, 710, 87, 235, 179, 176, 0, 212, 1361, 0, 25, 7, 0, 11, 860, 316, 4, 1230, 704, 315, 0, 
60, 4, Oak_Clearcut, 15, 109, 0, 3, 0, 16, 0, 0, 0, 0, 0, 0, 11, 1, 0, 1, 1, 0, 0, 0, 0, 0, 0, 4, 4, 0, 0, 0, 0, 0, 31, 26, 0, 0, 0, 11, 0, 
60, 4, LowlandConifer_Clearcut, 49, 309, 0, 10, 0, 17, 0, 0, 0, 1, 0, 0, 4, 2, 75, 0, 1, 158, 9, 5, 2, 1, 0, 3, 2, 0, 0, 0, 1, 0, 9, 5, 0, 0, 0, 4, 0, 
60, 4, Birch_Clearcut, 62, 484, 0, 24, 0, 17, 18, 0, 0, 91, 0, 0, 9, 10, 12, 9, 1, 4, 17, 13, 12, 4, 0, 13, 170, 0, 2, 0, 0, 0, 29, 11, 0, 0, 8, 10, 0, 
60, 4, Hardwood_Clearcut, 25, 208, 0, 16, 0, 0, 37, 0, 1, 23, 0, 0, 24, 0, 8, 0, 0, 12, 0, 0, 1, 0, 0, 2, 0, 0, 0, 0, 0, 0, 2, 0, 0, 24, 54, 4, 0, 
60, 4, Pine_Unevenaged, 19, 112, 38, 4, 0, 2, 0, 0, 0, 6, 0, 0, 32, 0, 5, 1, 1, 16, 1, 19, 38, 0, 0, 3, 1, 0, 0, 0, 0, 0, 4, 2, 0, 12, 1, 2, 0, 
60, 4, Oak_Unevenaged, 326, 718, 1240, 85, 0, 112, 0, 0, 0, 7, 0, 0, 55, 34, 84, 5, 32, 57, 33, 70, 8, 58, 0, 64, 425, 0, 17, 1, 14, 9, 410, 120, 2, 10, 142, 104, 0, 
60, 4, Hardwoods_Unevenaged, 113, 114, 359, 2, 0, 66, 120, 0, 1, 17, 0, 1, 16, 3, 2, 1, 1, 0, 1, 0, 5, 5, 0, 16, 44, 0, 1, 0, 1, 0, 14, 45, 0, 3, 100, 8, 0, 
60, 4, BlackAsh_Unevenaged, 8, 68, 1, 4, 0, 3, 1, 0, 0, 1, 0, 0, 54, 0, 0, 0, 1, 0, 0, 0, 0, 0, 0, 0, 0, 0, 0, 0, 0, 0, 0, 1, 0, 0, 3, 1, 0, 
60, 4, Thinning_RedPine, 1375, 2385, 1659, 48, 0, 25, 1, 0, 0, 303, 0, 0, 31, 15, 32, 3, 9, 2, 2, 1659, 158, 96, 1, 501, 956, 0, 7, 4, 1, 10, 73, 52, 12, 9, 10, 24, 0, 
60, 4, Thinning_SpruceFir, 269, 784, 395, 395, 0, 7, 0, 0, 0, 60, 0, 0, 37, 7, 38, 0, 297, 16, 15, 0, 0, 26, 0, 44, 133, 0, 0, 2, 0, 0, 16, 11, 5, 0, 6, 64, 0, 
60, 4, Thinning_Aspen, 5, 0, 5, 0, 0, 0, 0, 0, 0, 1, 0, 0, 0, 0, 0, 0, 0, 0, 0, 0, 0, 0, 0, 2, 2, 0, 0, 0, 0, 0, 0, 0, 0, 0, 0, 0, 0, 
60, 6, JPine_Clearcut, 106, 574, 0, 0, 0, 0, 0, 0, 0, 5, 0, 0, 0, 0, 0, 0, 0, 0, 567, 0, 0, 0, 0, 0, 0, 0, 0, 0, 0, 1, 0, 0, 0, 1, 0, 0, 0, 
60, 6, RPine_Clearcut_state, 96, 392, 0, 0, 0, 0, 0, 0, 0, 7, 0, 0, 0, 0, 3, 0, 0, 0, 0, 283, 5, 6, 0, 36, 41, 0, 0, 0, 0, 0, 4, 7, 0, 0, 0, 0, 0, 
60, 6, SpruceFir_Clearcut, 414, 880, 0, 540, 0, 1, 0, 0, 0, 45, 0, 0, 1, 0, 12, 2, 3, 0, 0, 0, 1, 7, 0, 104, 131, 1, 0, 0, 0, 0, 4, 1, 26, 0, 0, 1, 0, 
60, 6, Aspen_Clearcut, 4192, 14798, 0, 388, 12, 257, 146, 0, 17, 987, 0, 0, 597, 125, 2068, 18, 23, 956, 292, 273, 325, 390, 0, 1489, 3282, 3, 17, 11, 1, 19, 684, 310, 71, 1574, 212, 251, 0, 
60, 6, Oak_Clearcut, 512, 1003, 0, 0, 0, 110, 1, 0, 0, 1, 0, 0, 0, 1, 9, 0, 17, 4, 0, 0, 1, 11, 0, 59, 63, 0, 1, 0, 0, 0, 474, 240, 5, 0, 1, 5, 0, 
60, 6, LowlandConifer_Clearcut, 1271, 5521, 0, 184, 0, 50, 0, 0, 0, 286, 0, 0, 26, 23, 3149, 2, 0, 1688, 33, 2, 3, 5, 0, 37, 16, 0, 1, 0, 1, 0, 8, 2, 1, 0, 1, 3, 0, 
60, 6, Birch_Clearcut, 248, 315, 0, 0, 0, 0, 0, 0, 0, 248, 0, 0, 0, 0, 9, 0, 0, 0, 13, 2, 1, 6, 0, 13, 15, 0, 0, 0, 0, 0, 4, 2, 0, 0, 1, 1, 0, 
60, 6, Hardwood_Clearcut, 272, 3963, 0, 914, 0, 0, 7, 0, 20, 276, 0, 0, 338, 34, 207, 0, 0, 0, 0, 0, 2, 0, 0, 11, 4, 0, 0, 0, 0, 0, 7, 1, 0, 1363, 753, 26, 0, 
60, 6, Pine_Unevenaged, 86, 268, 40, 4, 0, 4, 0, 0, 0, 15, 0, 0, 23, 1, 1, 2, 1, 0, 1, 109, 40, 1, 0, 19, 35, 0, 0, 0, 0, 0, 10, 7, 0, 20, 0, 15, 0, 
60, 6, Oak_Unevenaged, 86, 37, 311, 3, 0, 34, 0, 0, 0, 0, 0, 0, 14, 6, 0, 0, 0, 0, 0, 0, 0, 1, 0, 7, 9, 0, 0, 0, 0, 0, 120, 53, 0, 0, 99, 2, 0, 
60, 6, Hardwoods_Unevenaged, 126, 48, 290, 10, 0, 194, 54, 0, 0, 3, 0, 0, 0, 0, 0, 0, 0, 0, 0, 0, 0, 5, 0, 16, 14, 0, 0, 0, 0, 0, 2, 13, 0, 0, 27, 0, 0, 
60, 6, BlackAsh_Unevenaged, 50, 145, 32, 4, 0, 6, 10, 0, 2, 7, 0, 0, 23, 7, 12, 0, 0, 2, 0, 0, 0, 2, 0, 18, 19, 0, 0, 0, 0, 0, 14, 5, 4, 0, 10, 32, 0, 
60, 6, SpruceFir_Unevenaged, 60, 305, 132, 87, 0, 4, 0, 0, 0, 1, 0, 0, 5, 0, 3, 0, 2, 34, 0, 8, 0, 1, 0, 3, 1, 0, 0, 0, 0, 0, 3, 1, 0, 275, 0, 9, 0, 
60, 6, Thinning_RedPine, 1043, 1260, 2205, 0, 0, 5, 0, 0, 0, 55, 0, 0, 1, 0, 26, 1, 0, 0, 4, 2205, 498, 33, 0, 236, 341, 0, 0, 0, 0, 0, 19, 23, 7, 2, 4, 5, 0, 
60, 6, Thinning_SpruceFir, 861, 2567, 2396, 2396, 0, 4, 0, 0, 0, 100, 0, 0, 18, 5, 1, 0, 2049, 0, 0, 0, 0, 36, 0, 71, 243, 0, 2, 0, 0, 18, 4, 6, 6, 2, 0, 2, 0, 
60, 5, Aspen_Clearcut, 122, 1017, 0, 63, 6, 48, 15, 0, 0, 132, 0, 0, 59, 6, 144, 14, 4, 62, 3, 85, 35, 28, 0, 36, 120, 0, 0, 0, 0, 0, 11, 53, 3, 65, 0, 25, 0, 
60, 5, LowlandConifer_Clearcut, 3, 35, 0, 0, 0, 0, 0, 0, 0, 0, 0, 0, 0, 0, 9, 0, 0, 21, 0, 0, 0, 1, 0, 1, 2, 0, 0, 0, 0, 0, 0, 1, 0, 0, 0, 0, 0, 
60, 5, Birch_Clearcut, 1, 3, 0, 0, 0, 0, 0, 0, 0, 2, 0, 0, 0, 0, 0, 0, 0, 0, 0, 0, 0, 0, 0, 1, 0, 0, 0, 0, 0, 0, 0, 0, 0, 0, 0, 0, 0, 
60, 5, Oak_Unevenaged, 31, 103, 82, 11, 0, 21, 0, 0, 0, 1, 0, 0, 3, 2, 3, 0, 5, 0, 0, 2, 0, 0, 0, 14, 41, 0, 0, 0, 0, 0, 31, 3, 0, 37, 2, 9, 0, 
60, 5, Hardwoods_Unevenaged, 10, 13, 20, 0, 0, 8, 4, 0, 1, 1, 0, 0, 0, 0, 0, 0, 0, 0, 0, 0, 0, 0, 0, 3, 9, 0, 0, 0, 0, 0, 0, 0, 0, 0, 7, 0, 0, 
60, 5, Thinning_RedPine, 196, 389, 139, 9, 0, 4, 1, 0, 0, 24, 0, 0, 0, 0, 1, 0, 2, 6, 2, 139, 16, 10, 0, 132, 141, 5, 1, 0, 4, 2, 15, 8, 2, 0, 3, 1, 0, 
60, 5, Thinning_SpruceFir, 8, 38, 1, 1, 0, 4, 0, 0, 0, 3, 0, 0, 0, 1, 1, 0, 0, 0, 0, 0, 0, 5, 0, 4, 10, 0, 0, 0, 0, 0, 4, 0, 0, 0, 3, 3, 0, 
70, 1, JPine_Clearcut, 120, 669, 0, 0, 0, 0, 0, 0, 0, 31, 0, 0, 2, 1, 3, 1, 3, 0, 534, 4, 0, 5, 0, 26, 39, 0, 0, 0, 0, 0, 7, 4, 1, 1, 0, 7, 0, 
70, 1, RPine_Clearcut, 112, 921, 0, 17, 0, 9, 0, 0, 0, 80, 0, 0, 0, 2, 1, 6, 17, 10, 24, 454, 141, 4, 0, 45, 70, 0, 9, 0, 1, 0, 14, 9, 0, 0, 0, 8, 0, 
70, 1, SpruceFir_Clearcut, 158, 839, 0, 292, 5, 9, 3, 0, 0, 62, 0, 0, 26, 9, 14, 5, 80, 13, 6, 11, 14, 17, 0, 65, 96, 0, 3, 0, 0, 2, 53, 15, 1, 0, 8, 30, 0, 
70, 1, Aspen_Clearcut, 4011, 48424, 0, 2933, 8, 1761, 1072, 0, 93, 6961, 0, 26, 2672, 398, 1349, 907, 1532, 2484, 443, 3817, 2913, 898, 1, 1426, 6989, 0, 414, 3, 16, 59, 2187, 1182, 33, 2595, 1534, 1718, 0, 
70, 1, Oak_Clearcut, 106, 832, 0, 22, 0, 97, 1, 0, 0, 1, 0, 0, 26, 25, 48, 13, 3, 139, 2, 48, 24, 4, 0, 28, 60, 0, 16, 1, 3, 0, 163, 50, 0, 28, 1, 29, 0, 
70, 1, LowlandConifer_Clearcut, 318, 2957, 0, 85, 0, 111, 32, 0, 1, 353, 0, 0, 81, 12, 290, 21, 99, 635, 35, 218, 164, 48, 0, 132, 272, 0, 9, 2, 0, 0, 166, 25, 0, 1, 75, 90, 0, 
70, 1, Birch_Clearcut, 265, 2502, 0, 36, 0, 76, 15, 0, 0, 836, 0, 0, 29, 14, 17, 93, 47, 21, 8, 62, 99, 45, 0, 112, 752, 0, 7, 0, 0, 0, 63, 50, 0, 13, 16, 91, 0, 
70, 1, Hardwood_Clearcut, 159, 1977, 0, 121, 3, 88, 185, 0, 14, 213, 0, 0, 219, 40, 65, 17, 42, 50, 0, 51, 51, 29, 0, 53, 171, 0, 3, 0, 0, 0, 6, 5, 3, 198, 305, 45, 0, 
70, 1, Pine_Unevenaged, 327, 3377, 598, 173, 1, 107, 96, 0, 4, 562, 0, 0, 155, 16, 75, 45, 158, 146, 63, 550, 598, 55, 0, 130, 440, 0, 26, 1, 0, 2, 153, 87, 1, 128, 98, 105, 0, 
70, 1, Oak_Unevenaged, 1452, 3035, 5363, 475, 9, 507, 0, 0, 0, 24, 0, 3, 276, 161, 327, 68, 137, 413, 88, 516, 90, 205, 0, 574, 1262, 0, 54, 1, 38, 33, 1509, 449, 14, 165, 537, 462, 1, 
70, 1, Hardwoods_Unevenaged, 319, 412, 930, 19, 0, 189, 256, 0, 1, 40, 0, 1, 22, 16, 6, 14, 2, 4, 0, 6, 20, 6, 0, 151, 105, 0, 6, 1, 0, 2, 42, 77, 2, 6, 329, 19, 0, 
70, 1, BlackAsh_Unevenaged, 40, 223, 23, 26, 1, 21, 15, 0, 0, 16, 0, 0, 73, 2, 13, 1, 0, 18, 3, 0, 0, 0, 0, 7, 3, 0, 2, 0, 1, 0, 3, 2, 0, 0, 16, 23, 0, 
70, 1, SpruceFir_Unevenaged, 24, 124, 60, 27, 0, 0, 0, 0, 0, 0, 0, 0, 7, 0, 12, 0, 1, 29, 1, 0, 1, 0, 0, 5, 1, 0, 0, 0, 0, 0, 1, 0, 0, 97, 0, 2, 0, 
70, 1, Thinning_RedPine, 6011, 17340, 2934, 238, 0, 445, 156, 0, 14, 1737, 0, 0, 231, 77, 158, 195, 142, 105, 71, 2934, 1612, 493, 1, 4543, 4638, 0, 178, 19, 0, 22, 870, 629, 89, 96, 258, 323, 0, 
70, 1, Thinning_SpruceFir, 924, 2448, 1847, 1805, 0, 10, 7, 0, 0, 161, 0, 0, 17, 3, 12, 10, 1355, 66, 0, 30, 42, 70, 0, 191, 370, 0, 11, 0, 0, 4, 20, 27, 0, 2, 9, 73, 0, 
70, 1, Thinning_Aspen, 76, 57, 67, 9, 0, 2, 0, 0, 0, 25, 0, 0, 1, 0, 6, 2, 0, 0, 1, 9, 3, 4, 0, 8, 30, 0, 0, 0, 0, 0, 11, 10, 1, 0, 1, 1, 0, 
70, 4, JPine_Clearcut, 22, 82, 0, 0, 0, 1, 0, 0, 0, 0, 0, 0, 0, 0, 2, 0, 0, 2, 19, 4, 1, 5, 0, 14, 16, 0, 0, 0, 0, 0, 8, 3, 0, 4, 0, 3, 0, 
70, 4, RPine_Clearcut, 32, 236, 0, 0, 0, 1, 0, 0, 0, 4, 0, 0, 0, 0, 1, 0, 0, 0, 0, 153, 4, 4, 0, 26, 23, 0, 4, 0, 0, 0, 2, 14, 0, 0, 0, 0, 0, 
70, 4, SpruceFir_Clearcut, 30, 234, 0, 85, 1, 0, 0, 0, 0, 25, 0, 0, 1, 14, 0, 1, 18, 3, 1, 0, 0, 20, 0, 8, 27, 0, 1, 0, 0, 0, 6, 2, 0, 0, 0, 21, 0, 
70, 4, Aspen_Clearcut, 1047, 11414, 0, 707, 2, 859, 398, 0, 23, 976, 0, 6, 961, 210, 608, 102, 163, 632, 102, 411, 262, 223, 0, 364, 1500, 0, 55, 3, 1, 32, 795, 307, 6, 777, 553, 376, 0, 
70, 4, Oak_Clearcut, 15, 71, 0, 10, 0, 2, 0, 0, 0, 0, 0, 0, 3, 0, 1, 0, 0, 0, 0, 0, 0, 7, 0, 3, 0, 0, 0, 0, 0, 0, 11, 9, 0, 24, 0, 1, 0, 
70, 4, LowlandConifer_Clearcut, 50, 248, 0, 8, 0, 3, 1, 0, 0, 4, 0, 0, 0, 1, 59, 0, 0, 136, 0, 0, 1, 0, 0, 13, 0, 0, 0, 0, 1, 0, 11, 0, 0, 0, 9, 1, 0, 
70, 4, Birch_Clearcut, 51, 452, 0, 19, 0, 19, 14, 0, 0, 64, 0, 0, 12, 18, 8, 20, 0, 10, 0, 10, 17, 4, 0, 25, 124, 0, 0, 0, 0, 1, 22, 23, 0, 0, 15, 27, 0, 
70, 4, Hardwood_Clearcut, 28, 343, 0, 24, 0, 3, 84, 0, 0, 9, 0, 0, 125, 51, 2, 2, 0, 0, 1, 0, 0, 0, 0, 1, 0, 0, 0, 0, 0, 0, 1, 0, 0, 2, 30, 8, 0, 
70, 4, Pine_Unevenaged, 20, 109, 49, 9, 0, 4, 0, 0, 0, 3, 0, 0, 15, 0, 2, 1, 0, 3, 5, 34, 49, 0, 0, 2, 2, 0, 1, 0, 0, 3, 5, 4, 0, 12, 0, 4, 0, 
70, 4, Oak_Unevenaged, 326, 703, 1146, 80, 1, 99, 0, 0, 0, 2, 0, 0, 59, 74, 72, 6, 11, 57, 10, 56, 11, 38, 0, 123, 345, 0, 7, 1, 17, 3, 409, 105, 2, 24, 138, 99, 0, 
70, 4, Hardwoods_Unevenaged, 126, 122, 446, 3, 0, 54, 160, 0, 2, 16, 0, 0, 3, 2, 0, 7, 1, 0, 0, 0, 1, 3, 0, 43, 36, 0, 3, 0, 0, 0, 23, 52, 1, 0, 146, 12, 0, 
70, 4, BlackAsh_Unevenaged, 9, 77, 9, 6, 0, 4, 6, 0, 0, 9, 0, 0, 30, 3, 0, 1, 0, 0, 0, 0, 0, 0, 0, 1, 0, 0, 0, 0, 0, 0, 6, 0, 0, 0, 11, 9, 0, 
70, 4, Thinning_RedPine, 471, 755, 733, 0, 0, 6, 8, 0, 0, 43, 0, 0, 3, 9, 4, 4, 0, 0, 1, 733, 97, 17, 0, 212, 283, 0, 3, 4, 0, 0, 25, 21, 1, 0, 6, 8, 0, 
70, 4, Thinning_SpruceFir, 135, 249, 403, 403, 0, 0, 0, 0, 0, 14, 0, 0, 1, 0, 0, 0, 138, 0, 0, 0, 0, 5, 0, 17, 66, 0, 0, 0, 0, 0, 0, 1, 6, 0, 0, 1, 0, 
70, 4, Thinning_Aspen, 7, 8, 3, 0, 0, 2, 0, 0, 0, 1, 0, 0, 0, 0, 0, 0, 0, 0, 0, 0, 0, 0, 0, 0, 2, 0, 0, 0, 0, 0, 3, 3, 0, 0, 0, 0, 0, 
70, 6, JPine_Clearcut, 111, 608, 0, 0, 0, 1, 0, 0, 0, 5, 0, 0, 0, 0, 0, 2, 0, 0, 501, 0, 0, 14, 0, 28, 51, 0, 0, 0, 0, 0, 1, 5, 0, 0, 0, 0, 0, 
70, 6, RPine_Clearcut_state, 68, 271, 0, 0, 0, 1, 0, 0, 0, 2, 0, 0, 0, 1, 0, 0, 0, 0, 0, 176, 3, 0, 0, 37, 41, 0, 0, 0, 0, 0, 4, 4, 0, 0, 0, 2, 0, 
70, 6, SpruceFir_Clearcut, 371, 766, 0, 452, 1, 4, 0, 0, 0, 43, 0, 0, 3, 1, 9, 2, 7, 0, 0, 0, 0, 5, 0, 138, 60, 0, 2, 1, 0, 0, 25, 9, 1, 1, 1, 1, 0, 
70, 6, Aspen_Clearcut, 4193, 12692, 0, 289, 2, 150, 35, 0, 52, 783, 0, 1, 875, 91, 725, 13, 0, 266, 149, 258, 50, 479, 1, 2331, 3693, 2, 13, 7, 3, 18, 360, 352, 74, 1234, 102, 284, 0, 
70, 6, Oak_Clearcut, 266, 868, 0, 2, 0, 151, 0, 0, 0, 1, 0, 0, 0, 0, 153, 0, 0, 72, 0, 0, 4, 7, 1, 110, 41, 0, 1, 1, 0, 0, 191, 40, 5, 84, 2, 2, 0, 
70, 6, LowlandConifer_Clearcut, 1270, 4185, 0, 8, 0, 4, 0, 0, 0, 41, 0, 0, 0, 1, 2706, 1, 0, 1117, 0, 0, 2, 2, 0, 238, 11, 0, 1, 1, 0, 0, 25, 21, 0, 0, 1, 5, 0, 
70, 6, Birch_Clearcut, 199, 427, 0, 2, 0, 1, 0, 0, 0, 154, 0, 0, 12, 2, 35, 2, 0, 4, 0, 0, 0, 23, 0, 79, 42, 0, 0, 1, 0, 1, 25, 22, 4, 5, 0, 13, 0, 
70, 6, Hardwood_Clearcut, 153, 525, 0, 17, 0, 257, 99, 0, 1, 2, 0, 0, 22, 3, 2, 1, 0, 0, 0, 0, 0, 0, 0, 30, 7, 0, 1, 0, 0, 0, 8, 3, 0, 0, 66, 6, 0, 
70, 6, Pine_Unevenaged, 86, 290, 71, 3, 0, 7, 0, 0, 0, 17, 0, 0, 14, 2, 5, 2, 0, 1, 0, 103, 71, 4, 0, 42, 27, 0, 0, 0, 0, 0, 25, 11, 0, 11, 3, 13, 0, 
70, 6, Oak_Unevenaged, 44, 39, 223, 3, 0, 16, 0, 0, 0, 0, 0, 0, 9, 5, 0, 0, 0, 0, 0, 0, 0, 3, 0, 10, 6, 0, 0, 0, 0, 0, 71, 46, 0, 6, 87, 0, 0, 
70, 6, Hardwoods_Unevenaged, 75, 48, 198, 1, 0, 125, 40, 0, 0, 2, 0, 0, 0, 0, 4, 0, 0, 0, 0, 0, 1, 4, 0, 19, 14, 0, 0, 0, 0, 0, 4, 13, 0, 0, 16, 3, 0, 
70, 6, BlackAsh_Unevenaged, 47, 96, 23, 0, 0, 5, 6, 0, 0, 4, 0, 0, 18, 2, 4, 0, 0, 0, 0, 0, 0, 0, 0, 28, 11, 0, 0, 0, 0, 0, 9, 8, 0, 0, 1, 23, 0, 
70, 6, SpruceFir_Unevenaged, 73, 209, 191, 117, 0, 2, 0, 0, 0, 0, 0, 0, 7, 0, 19, 0, 0, 62, 1, 0, 0, 0, 0, 15, 0, 0, 0, 0, 0, 0, 4, 4, 1, 156, 1, 11, 0, 
70, 6, Thinning_RedPine, 628, 918, 2067, 0, 0, 12, 0, 0, 0, 45, 0, 0, 1, 0, 2, 0, 0, 0, 0, 2067, 463, 3, 0, 174, 166, 0, 2, 3, 0, 10, 14, 18, 3, 0, 1, 1, 0, 
70, 6, Thinning_SpruceFir, 860, 1664, 3352, 3352, 0, 0, 0, 0, 0, 61, 0, 0, 8, 3, 0, 0, 1288, 0, 0, 0, 0, 14, 0, 34, 239, 0, 0, 0, 0, 5, 1, 2, 8, 1, 0, 0, 0, 
70, 8, Aspen_Clearcut, 95, 263, 0, 0, 0, 1, 0, 0, 0, 30, 0, 0, 3, 0, 13, 0, 0, 0, 2, 0, 1, 14, 0, 59, 103, 0, 0, 0, 0, 0, 14, 4, 6, 3, 4, 6, 0, 
70, 5, Aspen_Clearcut, 132, 1308, 0, 33, 9, 109, 28, 0, 0, 80, 0, 0, 200, 20, 66, 9, 31, 79, 3, 33, 16, 30, 0, 61, 241, 1, 0, 2, 2, 11, 101, 20, 7, 37, 39, 40, 0, 
70, 5, LowlandConifer_Clearcut, 3, 31, 0, 0, 0, 1, 0, 0, 1, 0, 0, 0, 0, 1, 19, 0, 0, 3, 0, 0, 0, 0, 0, 2, 1, 0, 1, 0, 0, 0, 0, 0, 0, 0, 0, 2, 0, 
70, 5, Birch_Clearcut, 2, 8, 0, 0, 0, 0, 0, 0, 0, 3, 0, 0, 0, 0, 0, 0, 0, 0, 0, 0, 0, 1, 0, 2, 1, 0, 0, 0, 0, 0, 1, 0, 0, 0, 0, 0, 0, 
70, 5, Oak_Unevenaged, 33, 96, 93, 8, 0, 25, 0, 0, 0, 0, 0, 0, 0, 2, 4, 0, 0, 8, 0, 0, 0, 2, 0, 17, 25, 1, 0, 0, 0, 0, 28, 6, 2, 47, 4, 10, 0, 
70, 5, Thinning_RedPine, 217, 504, 64, 8, 0, 1, 0, 0, 0, 18, 0, 0, 4, 1, 16, 1, 0, 0, 2, 64, 21, 25, 0, 197, 162, 1, 2, 1, 0, 0, 10, 29, 4, 0, 0, 1, 0, 
80, 1, JPine_Clearcut, 165, 1049, 0, 4, 1, 18, 1, 0, 0, 31, 0, 0, 2, 2, 4, 2, 5, 5, 807, 32, 12, 14, 0, 24, 54, 0, 0, 0, 0, 0, 9, 4, 1, 9, 1, 7, 0, 
80, 1, RPine_Clearcut, 106, 713, 0, 8, 0, 15, 1, 0, 0, 47, 0, 0, 2, 6, 6, 6, 4, 6, 4, 347, 88, 2, 0, 54, 48, 0, 29, 0, 0, 0, 20, 12, 0, 0, 1, 7, 0, 
80, 1, SpruceFir_Clearcut, 158, 835, 0, 202, 1, 21, 2, 0, 0, 73, 0, 0, 11, 3, 10, 18, 84, 3, 1, 1, 10, 31, 0, 112, 92, 0, 8, 0, 0, 0, 71, 13, 3, 0, 7, 58, 0, 
80, 1, Aspen_Clearcut, 4006, 50300, 0, 2409, 26, 2005, 1277, 0, 39, 6282, 0, 12, 2247, 602, 1664, 1263, 1494, 2795, 488, 3572, 3958, 913, 3, 2266, 6549, 0, 431, 9, 44, 27, 2642, 1245, 30, 2341, 1828, 1838, 1, 
80, 1, Oak_Clearcut, 107, 976, 0, 29, 5, 121, 0, 0, 1, 2, 0, 0, 9, 36, 98, 4, 5, 66, 11, 39, 12, 4, 0, 41, 32, 0, 21, 0, 0, 2, 231, 107, 1, 40, 2, 57, 0, 
80, 1, LowlandConifer_Clearcut, 318, 2200, 0, 66, 0, 25, 3, 0, 0, 100, 0, 0, 4, 5, 854, 5, 1, 813, 24, 1, 10, 0, 0, 166, 7, 0, 1, 0, 2, 0, 45, 21, 0, 0, 28, 19, 0, 
80, 1, Birch_Clearcut, 268, 2909, 0, 31, 0, 87, 31, 0, 0, 1000, 0, 0, 31, 19, 25, 112, 126, 21, 0, 55, 124, 31, 0, 176, 591, 0, 50, 0, 0, 0, 106, 140, 2, 9, 42, 100, 0, 
80, 1, Hardwood_Clearcut, 158, 1541, 0, 95, 0, 52, 98, 0, 0, 155, 0, 0, 151, 17, 79, 16, 88, 75, 9, 204, 55, 6, 1, 51, 117, 0, 0, 0, 0, 0, 8, 6, 0, 102, 136, 20, 0, 
80, 1, Pine_Unevenaged, 327, 3028, 503, 180, 3, 161, 89, 0, 1, 396, 0, 0, 139, 35, 106, 54, 76, 155, 42, 407, 503, 43, 0, 182, 377, 0, 24, 0, 0, 2, 149, 74, 6, 127, 103, 97, 0, 
80, 1, Oak_Unevenaged, 1452, 2906, 5128, 398, 5, 396, 0, 0, 0, 18, 0, 0, 197, 125, 318, 59, 92, 405, 77, 604, 139, 199, 0, 929, 951, 0, 97, 4, 22, 45, 1527, 404, 7, 89, 487, 440, 0, 
80, 1, Hardwoods_Unevenaged, 314, 426, 862, 9, 0, 147, 251, 0, 5, 44, 0, 0, 18, 6, 8, 19, 2, 8, 0, 9, 30, 8, 0, 183, 75, 0, 12, 0, 0, 1, 52, 89, 1, 1, 290, 20, 0, 
80, 1, BlackAsh_Unevenaged, 40, 301, 21, 30, 3, 25, 5, 0, 0, 25, 0, 0, 53, 7, 17, 4, 6, 11, 11, 18, 14, 0, 0, 8, 0, 0, 1, 0, 0, 0, 22, 11, 0, 0, 30, 21, 0, 
80, 1, SpruceFir_Unevenaged, 24, 125, 66, 30, 0, 3, 4, 0, 0, 0, 0, 1, 2, 0, 35, 0, 2, 33, 0, 2, 1, 0, 0, 6, 0, 0, 0, 0, 0, 0, 1, 1, 0, 69, 0, 1, 0, 
80, 1, Thinning_RedPine, 4672, 11845, 2029, 156, 1, 268, 51, 0, 0, 1063, 0, 3, 224, 64, 101, 104, 85, 128, 29, 2029, 1009, 215, 0, 4244, 2445, 1, 68, 10, 2, 17, 553, 514, 31, 110, 127, 222, 0, 
80, 1, Thinning_SpruceFir, 537, 962, 1978, 1978, 0, 0, 0, 0, 0, 35, 0, 0, 4, 0, 0, 1, 714, 0, 0, 0, 0, 7, 0, 16, 179, 0, 0, 0, 0, 0, 3, 0, 0, 0, 0, 3, 0, 
80, 1, Thinning_Aspen, 76, 121, 46, 3, 0, 7, 0, 0, 0, 14, 0, 0, 0, 0, 6, 2, 0, 0, 0, 35, 20, 0, 0, 15, 17, 0, 4, 0, 7, 0, 18, 17, 1, 0, 0, 1, 0, 
80, 4, JPine_Clearcut, 23, 67, 0, 0, 0, 0, 0, 0, 0, 0, 0, 0, 0, 0, 0, 0, 0, 0, 24, 0, 0, 0, 0, 13, 23, 0, 0, 0, 0, 0, 7, 0, 0, 0, 0, 0, 0, 
80, 4, RPine_Clearcut, 21, 152, 0, 0, 0, 11, 6, 0, 0, 5, 0, 0, 0, 0, 0, 0, 0, 0, 0, 91, 0, 3, 0, 5, 17, 0, 0, 0, 0, 0, 7, 5, 0, 0, 0, 2, 0, 
80, 4, SpruceFir_Clearcut, 30, 110, 0, 24, 0, 7, 0, 0, 0, 8, 0, 0, 3, 1, 2, 1, 9, 0, 0, 0, 2, 1, 0, 23, 17, 0, 2, 0, 0, 0, 5, 1, 0, 0, 1, 3, 0, 
80, 4, Aspen_Clearcut, 1049, 11458, 0, 762, 9, 951, 521, 0, 4, 1101, 0, 22, 725, 244, 561, 128, 219, 383, 4, 229, 287, 277, 0, 493, 1401, 0, 106, 1, 8, 6, 919, 605, 5, 286, 660, 539, 2, 
80, 4, Oak_Clearcut, 14, 135, 0, 5, 0, 7, 0, 0, 0, 0, 0, 0, 0, 2, 14, 1, 0, 7, 0, 0, 5, 0, 0, 7, 0, 0, 3, 1, 0, 0, 15, 5, 0, 60, 0, 3, 0, 
80, 4, LowlandConifer_Clearcut, 49, 375, 0, 4, 0, 3, 0, 0, 0, 21, 0, 0, 0, 0, 122, 0, 0, 193, 0, 0, 0, 1, 0, 17, 2, 0, 0, 0, 0, 0, 7, 1, 0, 0, 2, 2, 0, 
80, 4, Birch_Clearcut, 65, 608, 0, 3, 0, 33, 13, 0, 0, 227, 0, 0, 6, 11, 0, 8, 90, 0, 0, 0, 16, 7, 0, 24, 37, 0, 3, 0, 0, 0, 14, 86, 0, 0, 24, 6, 0, 
80, 4, Hardwood_Clearcut, 25, 203, 0, 16, 0, 8, 33, 0, 1, 5, 0, 0, 26, 1, 32, 1, 5, 17, 0, 0, 2, 6, 0, 10, 8, 0, 0, 0, 1, 0, 2, 1, 0, 1, 23, 4, 0, 
80, 4, Pine_Unevenaged, 19, 82, 47, 0, 0, 1, 0, 0, 0, 4, 0, 0, 0, 0, 4, 0, 0, 8, 0, 6, 47, 0, 0, 16, 1, 0, 1, 0, 0, 0, 4, 2, 0, 32, 3, 0, 0, 
80, 4, Oak_Unevenaged, 326, 706, 1121, 79, 1, 88, 0, 0, 0, 3, 0, 0, 41, 45, 94, 7, 15, 51, 29, 64, 12, 34, 0, 228, 256, 0, 11, 1, 19, 10, 380, 93, 0, 53, 110, 103, 0, 
80, 4, Hardwoods_Unevenaged, 109, 126, 304, 2, 0, 54, 104, 0, 0, 15, 0, 0, 6, 1, 2, 2, 0, 0, 1, 1, 7, 2, 0, 47, 39, 0, 3, 0, 1, 0, 25, 36, 0, 0, 79, 3, 0, 
80, 4, BlackAsh_Unevenaged, 8, 63, 4, 11, 0, 2, 0, 0, 0, 7, 0, 0, 27, 0, 3, 0, 0, 0, 3, 0, 0, 0, 0, 4, 0, 0, 0, 0, 0, 0, 5, 0, 0, 0, 1, 4, 0, 
80, 4, Thinning_RedPine, 450, 1167, 344, 4, 0, 90, 7, 0, 0, 104, 0, 0, 10, 2, 11, 12, 0, 4, 6, 344, 139, 22, 0, 298, 227, 0, 7, 1, 0, 0, 86, 75, 3, 8, 40, 11, 0, 
80, 4, Thinning_SpruceFir, 165, 327, 557, 557, 0, 13, 0, 0, 0, 13, 0, 0, 0, 5, 0, 0, 174, 0, 0, 0, 0, 3, 0, 17, 78, 0, 0, 0, 0, 0, 13, 6, 5, 0, 0, 0, 0, 
80, 4, Thinning_Aspen, 4, 6, 1, 0, 0, 1, 0, 0, 0, 0, 0, 0, 1, 0, 0, 0, 0, 0, 0, 0, 0, 0, 0, 1, 0, 0, 0, 0, 0, 0, 3, 0, 1, 0, 0, 0, 0, 
80, 6, JPine_Clearcut, 93, 515, 0, 0, 0, 0, 0, 0, 0, 2, 0, 0, 0, 0, 2, 0, 0, 0, 459, 0, 0, 6, 0, 18, 24, 0, 0, 0, 0, 0, 0, 2, 1, 0, 1, 0, 0, 
80, 6, RPine_Clearcut_state, 160, 575, 0, 0, 1, 6, 1, 0, 0, 2, 0, 0, 0, 1, 4, 0, 0, 0, 0, 336, 3, 0, 0, 140, 53, 0, 2, 0, 0, 0, 17, 6, 0, 0, 2, 1, 0, 
80, 6, SpruceFir_Clearcut, 322, 3654, 0, 2247, 0, 1, 0, 0, 0, 17, 0, 0, 1, 0, 7, 0, 1215, 0, 0, 0, 0, 1, 0, 64, 94, 0, 0, 0, 0, 0, 2, 2, 1, 1, 0, 1, 0, 
80, 6, Aspen_Clearcut, 4194, 10545, 0, 63, 1, 144, 18, 0, 20, 413, 0, 0, 156, 55, 408, 22, 0, 31, 11, 590, 54, 331, 0, 3535, 3323, 1, 16, 9, 1, 27, 380, 398, 62, 272, 69, 135, 0, 
80, 6, Oak_Clearcut, 197, 1009, 0, 11, 0, 33, 0, 0, 0, 0, 0, 0, 13, 5, 33, 0, 0, 4, 2, 0, 5, 16, 0, 154, 33, 0, 0, 1, 0, 3, 66, 72, 3, 527, 1, 27, 0, 
80, 6, LowlandConifer_Clearcut, 425, 1245, 0, 22, 0, 0, 0, 0, 0, 12, 0, 0, 16, 3, 601, 1, 3, 349, 0, 1, 5, 1, 0, 190, 1, 0, 2, 0, 0, 0, 6, 18, 0, 0, 6, 8, 0, 
80, 6, Birch_Clearcut, 240, 629, 0, 13, 0, 6, 0, 0, 0, 175, 0, 0, 3, 3, 18, 3, 26, 0, 36, 0, 0, 36, 0, 162, 64, 0, 0, 0, 2, 1, 33, 34, 1, 4, 8, 1, 0, 
80, 6, Hardwood_Clearcut, 101, 447, 0, 0, 0, 248, 114, 0, 4, 1, 0, 0, 26, 0, 14, 0, 0, 4, 0, 0, 2, 0, 0, 17, 3, 0, 0, 0, 0, 0, 3, 2, 0, 0, 2, 7, 0, 
80, 6, Pine_Unevenaged, 87, 327, 45, 5, 0, 10, 0, 0, 0, 9, 0, 0, 17, 0, 3, 4, 0, 3, 0, 128, 45, 1, 0, 78, 26, 0, 0, 0, 0, 0, 9, 4, 2, 21, 0, 7, 0, 
80, 6, Oak_Unevenaged, 30, 56, 186, 8, 0, 21, 0, 0, 0, 0, 0, 0, 8, 9, 0, 2, 0, 0, 0, 0, 0, 4, 0, 9, 7, 0, 0, 0, 0, 0, 59, 30, 0, 17, 68, 0, 0, 
80, 6, Hardwoods_Unevenaged, 62, 43, 133, 2, 0, 64, 16, 0, 0, 3, 0, 0, 0, 0, 1, 0, 0, 0, 0, 0, 0, 0, 0, 31, 6, 0, 0, 0, 0, 0, 10, 12, 0, 0, 31, 0, 0, 
80, 6, BlackAsh_Unevenaged, 43, 117, 8, 0, 0, 6, 0, 0, 0, 7, 0, 0, 16, 2, 3, 0, 0, 0, 0, 1, 1, 2, 0, 34, 5, 0, 1, 0, 0, 0, 35, 4, 0, 0, 0, 8, 0, 
80, 6, SpruceFir_Unevenaged, 21, 80, 51, 23, 0, 0, 0, 0, 0, 0, 0, 0, 0, 0, 1, 0, 0, 25, 0, 0, 0, 0, 0, 6, 0, 0, 0, 0, 0, 0, 0, 0, 0, 73, 0, 3, 0, 
80, 6, Thinning_RedPine, 869, 1645, 2951, 0, 0, 6, 6, 0, 0, 25, 0, 1, 2, 4, 13, 2, 0, 18, 8, 2951, 970, 7, 0, 276, 256, 0, 0, 0, 0, 0, 26, 18, 2, 0, 2, 3, 0, 
80, 6, Thinning_SpruceFir, 861, 1902, 3658, 3658, 0, 0, 0, 0, 0, 34, 0, 0, 1, 0, 0, 0, 1541, 0, 0, 0, 0, 13, 0, 34, 260, 0, 0, 0, 0, 0, 0, 3, 15, 0, 0, 1, 0, 
80, 5, Aspen_Clearcut, 119, 1253, 0, 160, 0, 113, 6, 0, 0, 167, 0, 0, 113, 38, 25, 8, 12, 15, 3, 84, 56, 40, 0, 56, 82, 0, 0, 0, 0, 0, 59, 27, 1, 100, 28, 60, 0, 
80, 5, LowlandConifer_Clearcut, 42, 407, 0, 20, 0, 18, 32, 0, 0, 1, 0, 0, 59, 3, 14, 0, 2, 27, 1, 0, 0, 16, 0, 20, 61, 0, 9, 0, 0, 0, 16, 50, 0, 0, 31, 27, 0, 
80, 5, Birch_Clearcut, 3, 20, 0, 1, 0, 0, 1, 0, 0, 0, 0, 0, 2, 0, 0, 0, 0, 0, 0, 0, 0, 1, 0, 1, 6, 0, 0, 0, 0, 0, 4, 1, 0, 0, 3, 0, 0, 
80, 5, Oak_Unevenaged, 21, 38, 64, 11, 0, 9, 0, 0, 0, 1, 0, 0, 0, 0, 1, 0, 2, 0, 0, 2, 0, 1, 0, 19, 14, 0, 1, 0, 0, 0, 31, 2, 0, 0, 2, 6, 0, 
80, 5, Hardwoods_Unevenaged, 9, 18, 13, 0, 0, 8, 0, 0, 0, 0, 0, 0, 0, 0, 0, 0, 0, 0, 0, 0, 0, 0, 0, 8, 10, 0, 0, 0, 1, 0, 1, 0, 0, 0, 3, 0, 0, 
80, 5, Thinning_RedPine, 246, 489, 30, 0, 0, 4, 0, 0, 0, 15, 0, 0, 1, 1, 6, 0, 0, 0, 0, 30, 5, 8, 0, 257, 162, 1, 2, 0, 0, 0, 3, 5, 10, 2, 3, 4, 0, 
90, 1, JPine_Clearcut, 158, 1076, 0, 1, 0, 1, 0, 0, 0, 22, 0, 0, 2, 0, 2, 1, 2, 0, 927, 1, 0, 7, 0, 18, 76, 0, 1, 0, 0, 0, 6, 6, 0, 0, 0, 3, 0, 
90, 1, RPine_Clearcut, 115, 770, 0, 1, 0, 33, 2, 0, 0, 31, 0, 0, 2, 7, 2, 0, 3, 0, 5, 421, 142, 1, 0, 41, 29, 0, 10, 0, 0, 0, 19, 11, 0, 0, 5, 5, 0, 
90, 1, SpruceFir_Clearcut, 170, 910, 0, 338, 0, 18, 0, 0, 0, 56, 0, 0, 29, 4, 10, 10, 51, 7, 4, 3, 12, 22, 0, 124, 92, 0, 2, 2, 0, 0, 55, 19, 3, 3, 3, 43, 0, 
90, 1, Aspen_Clearcut, 4005, 46960, 0, 2234, 49, 2557, 1437, 0, 61, 5519, 0, 1, 2672, 503, 1694, 914, 1378, 1976, 354, 3183, 2848, 823, 3, 1940, 5661, 0, 445, 6, 20, 108, 3356, 1415, 26, 1725, 1986, 2066, 0, 
90, 1, Oak_Clearcut, 106, 889, 0, 23, 0, 90, 0, 0, 0, 0, 0, 0, 28, 13, 50, 3, 0, 90, 6, 36, 22, 11, 0, 52, 51, 0, 6, 0, 1, 2, 234, 62, 0, 67, 0, 42, 0, 
90, 1, LowlandConifer_Clearcut, 316, 3387, 0, 179, 0, 124, 98, 0, 0, 301, 0, 0, 41, 4, 223, 50, 96, 307, 9, 234, 396, 34, 2, 126, 302, 0, 38, 0, 0, 6, 210, 55, 1, 1, 368, 182, 0, 
90, 1, Birch_Clearcut, 270, 2719, 0, 47, 1, 37, 9, 0, 0, 1130, 0, 0, 19, 7, 10, 134, 23, 52, 1, 31, 46, 23, 0, 139, 569, 0, 61, 1, 0, 0, 91, 114, 0, 21, 22, 131, 0, 
90, 1, Hardwood_Clearcut, 158, 1978, 0, 117, 1, 125, 145, 0, 3, 209, 0, 2, 141, 46, 107, 13, 16, 147, 2, 48, 84, 78, 0, 44, 224, 0, 16, 0, 0, 0, 17, 14, 1, 121, 174, 82, 1, 
90, 1, Pine_Unevenaged, 327, 2880, 606, 169, 1, 127, 24, 0, 1, 438, 0, 3, 38, 18, 94, 37, 153, 145, 62, 487, 606, 42, 0, 151, 392, 0, 43, 0, 0, 5, 118, 66, 0, 130, 52, 84, 0, 
90, 1, Oak_Unevenaged, 1452, 2472, 4906, 403, 6, 388, 0, 0, 0, 14, 0, 0, 147, 98, 273, 47, 78, 352, 107, 580, 103, 167, 1, 849, 813, 0, 51, 1, 37, 37, 1443, 378, 14, 89, 468, 434, 0, 
90, 1, Hardwoods_Unevenaged, 369, 454, 967, 17, 0, 174, 285, 0, 1, 37, 0, 0, 25, 8, 3, 7, 9, 2, 0, 6, 18, 5, 0, 210, 98, 0, 8, 0, 0, 1, 69, 86, 4, 5, 321, 22, 0, 
90, 1, BlackAsh_Unevenaged, 40, 279, 17, 21, 0, 19, 8, 0, 0, 21, 0, 0, 31, 4, 33, 1, 2, 27, 7, 21, 6, 0, 0, 19, 5, 0, 2, 0, 1, 3, 20, 14, 0, 0, 14, 17, 0, 
90, 1, SpruceFir_Unevenaged, 24, 147, 53, 19, 0, 25, 3, 0, 0, 0, 0, 0, 5, 6, 30, 0, 5, 25, 0, 7, 5, 5, 0, 0, 0, 0, 0, 0, 0, 0, 11, 3, 0, 46, 1, 4, 0, 
90, 1, Thinning_RedPine, 5977, 14008, 2154, 180, 0, 279, 73, 0, 2, 1195, 0, 0, 186, 86, 173, 122, 70, 148, 29, 2154, 1236, 229, 0, 5274, 2777, 2, 101, 19, 7, 14, 651, 611, 52, 111, 162, 219, 0, 
90, 1, Thinning_SpruceFir, 671, 1127, 2651, 2651, 0, 0, 0, 0, 0, 39, 0, 0, 1, 0, 0, 2, 874, 0, 0, 0, 0, 4, 0, 40, 165, 0, 0, 0, 0, 0, 1, 0, 0, 0, 0, 1, 0, 
90, 1, Thinning_Aspen, 75, 55, 69, 0, 0, 4, 0, 0, 0, 13, 0, 0, 4, 0, 1, 1, 0, 0, 0, 22, 3, 5, 0, 32, 19, 0, 0, 0, 0, 0, 6, 8, 1, 1, 1, 3, 0, 
90, 4, JPine_Clearcut, 25, 197, 0, 0, 0, 1, 0, 0, 0, 1, 0, 0, 0, 0, 2, 2, 0, 0, 142, 0, 0, 9, 0, 7, 18, 0, 0, 0, 0, 1, 12, 1, 0, 0, 1, 0, 0, 
90, 4, RPine_Clearcut, 22, 152, 0, 0, 0, 20, 12, 0, 0, 1, 0, 0, 0, 3, 0, 0, 0, 0, 0, 77, 7, 1, 0, 9, 10, 0, 3, 0, 0, 0, 1, 7, 0, 0, 0, 1, 0, 
90, 4, SpruceFir_Clearcut, 31, 156, 0, 46, 0, 11, 9, 0, 0, 10, 0, 0, 19, 0, 0, 0, 0, 3, 0, 0, 1, 2, 0, 16, 13, 0, 1, 0, 0, 0, 8, 1, 0, 3, 2, 11, 0, 
90, 4, Aspen_Clearcut, 1052, 10857, 0, 692, 14, 924, 472, 0, 12, 979, 0, 7, 966, 231, 391, 131, 218, 309, 46, 179, 227, 220, 1, 540, 1233, 0, 20, 3, 1, 8, 1029, 534, 8, 263, 739, 460, 0, 
90, 4, Oak_Clearcut, 15, 79, 0, 0, 0, 1, 0, 0, 0, 0, 0, 0, 0, 0, 4, 0, 0, 2, 0, 0, 0, 0, 0, 11, 0, 0, 0, 0, 0, 0, 7, 8, 0, 44, 2, 0, 0, 
90, 4, LowlandConifer_Clearcut, 48, 298, 0, 0, 0, 0, 0, 0, 0, 0, 0, 0, 85, 0, 83, 0, 0, 68, 15, 0, 1, 0, 0, 18, 0, 0, 0, 0, 0, 0, 1, 1, 0, 0, 0, 26, 0, 
90, 4, Birch_Clearcut, 52, 449, 0, 13, 8, 24, 0, 0, 0, 84, 0, 0, 8, 8, 5, 2, 1, 0, 11, 5, 2, 7, 0, 31, 179, 0, 1, 0, 0, 0, 19, 11, 0, 1, 2, 27, 0, 
90, 4, Hardwood_Clearcut, 37, 414, 0, 61, 0, 52, 18, 0, 2, 36, 0, 0, 75, 5, 7, 1, 2, 2, 2, 6, 4, 15, 0, 13, 22, 0, 0, 0, 0, 0, 0, 4, 0, 10, 16, 61, 0, 
90, 4, Pine_Unevenaged, 19, 102, 52, 5, 0, 12, 0, 0, 0, 11, 0, 0, 10, 0, 3, 3, 3, 7, 4, 22, 52, 0, 0, 3, 1, 0, 0, 0, 0, 0, 7, 4, 0, 0, 0, 7, 0, 
90, 4, Oak_Unevenaged, 326, 581, 1100, 61, 1, 75, 0, 0, 0, 0, 0, 0, 56, 26, 70, 7, 9, 55, 15, 44, 11, 25, 0, 199, 222, 0, 9, 1, 20, 5, 416, 84, 2, 14, 137, 117, 0, 
90, 4, Hardwoods_Unevenaged, 119, 116, 378, 0, 0, 56, 128, 0, 2, 12, 0, 0, 9, 2, 3, 3, 0, 0, 0, 0, 6, 1, 0, 48, 32, 0, 0, 0, 0, 0, 19, 54, 0, 0, 112, 7, 0, 
90, 4, BlackAsh_Unevenaged, 8, 39, 7, 0, 0, 6, 0, 0, 0, 0, 0, 0, 2, 1, 0, 0, 0, 0, 0, 0, 0, 0, 0, 3, 0, 0, 0, 0, 0, 0, 12, 1, 0, 0, 14, 7, 0, 
90, 4, Thinning_RedPine, 623, 1528, 398, 12, 0, 47, 13, 0, 0, 114, 0, 0, 8, 21, 27, 10, 0, 6, 5, 398, 188, 23, 0, 454, 311, 0, 3, 0, 1, 4, 127, 80, 2, 3, 49, 20, 0, 
90, 4, Thinning_SpruceFir, 164, 301, 619, 619, 0, 0, 0, 0, 0, 10, 0, 0, 0, 2, 0, 0, 195, 0, 0, 0, 0, 6, 0, 18, 59, 0, 0, 0, 0, 0, 4, 2, 5, 0, 0, 0, 0, 
90, 4, Thinning_Aspen, 11, 5, 7, 0, 0, 1, 0, 0, 0, 0, 0, 0, 0, 0, 0, 0, 0, 0, 0, 0, 0, 0, 0, 7, 0, 0, 0, 0, 0, 0, 1, 3, 0, 0, 0, 0, 0, 
90, 6, JPine_Clearcut, 52, 310, 0, 0, 0, 0, 0, 0, 0, 0, 0, 0, 0, 0, 0, 0, 0, 0, 292, 0, 0, 0, 0, 1, 17, 0, 0, 0, 0, 0, 0, 0, 0, 0, 0, 0, 0, 
90, 6, RPine_Clearcut_state, 176, 555, 0, 0, 0, 0, 0, 0, 0, 0, 0, 0, 0, 0, 3, 0, 0, 0, 0, 322, 0, 2, 0, 139, 62, 0, 1, 0, 0, 0, 8, 16, 0, 0, 1, 1, 0, 
90, 6, SpruceFir_Clearcut, 326, 4557, 0, 2833, 0, 0, 0, 0, 0, 10, 0, 0, 0, 0, 2, 0, 1609, 0, 0, 0, 0, 2, 0, 33, 64, 0, 0, 0, 0, 0, 2, 1, 1, 0, 0, 0, 0, 
90, 6, Aspen_Clearcut, 4195, 12664, 0, 282, 2, 122, 5, 0, 5, 544, 0, 0, 203, 44, 546, 24, 10, 300, 2, 515, 43, 373, 2, 4586, 2796, 3, 11, 27, 2, 15, 391, 405, 75, 1071, 98, 161, 1, 
90, 6, Oak_Clearcut, 72, 368, 0, 21, 0, 4, 0, 0, 0, 0, 0, 0, 0, 0, 21, 1, 0, 13, 0, 6, 1, 4, 0, 60, 16, 0, 0, 0, 0, 1, 30, 11, 0, 175, 2, 2, 0, 
90, 6, LowlandConifer_Clearcut, 57, 138, 0, 5, 0, 0, 0, 0, 0, 7, 0, 0, 6, 0, 75, 0, 1, 13, 0, 0, 0, 0, 0, 27, 1, 0, 0, 0, 0, 0, 0, 3, 0, 0, 0, 0, 0, 
90, 6, Birch_Clearcut, 256, 580, 0, 4, 0, 9, 0, 0, 0, 149, 0, 0, 15, 2, 37, 2, 2, 8, 1, 0, 2, 26, 0, 197, 37, 0, 1, 0, 1, 2, 41, 29, 4, 3, 0, 8, 0, 
90, 6, Hardwood_Clearcut, 16, 81, 0, 0, 0, 46, 19, 0, 0, 0, 0, 0, 7, 2, 0, 0, 0, 0, 0, 0, 0, 0, 0, 3, 0, 0, 0, 0, 0, 0, 2, 0, 0, 0, 2, 0, 0, 
90, 6, Pine_Unevenaged, 88, 193, 58, 4, 0, 1, 0, 0, 0, 3, 0, 0, 9, 0, 1, 0, 0, 1, 0, 84, 58, 1, 0, 54, 12, 0, 0, 0, 0, 0, 5, 6, 0, 10, 0, 2, 0, 
90, 6, Oak_Unevenaged, 31, 26, 202, 3, 0, 15, 0, 0, 0, 0, 0, 0, 9, 6, 0, 0, 0, 0, 0, 0, 3, 0, 0, 5, 3, 0, 0, 0, 0, 0, 72, 46, 0, 0, 66, 0, 0, 
90, 6, Hardwoods_Unevenaged, 50, 38, 103, 1, 0, 48, 12, 0, 0, 2, 0, 0, 0, 0, 1, 0, 0, 0, 0, 0, 0, 0, 0, 24, 9, 0, 1, 0, 0, 0, 7, 12, 0, 0, 23, 1, 0, 
90, 6, BlackAsh_Unevenaged, 24, 40, 10, 0, 0, 0, 2, 0, 1, 1, 0, 0, 4, 1, 3, 0, 0, 1, 0, 0, 0, 0, 0, 15, 4, 0, 0, 0, 0, 0, 6, 2, 0, 0, 0, 10, 0, 
90, 6, SpruceFir_Unevenaged, 11, 1, 19, 16, 0, 0, 0, 0, 0, 0, 0, 0, 0, 0, 0, 0, 2, 1, 0, 0, 0, 0, 0, 0, 1, 0, 0, 0, 0, 0, 0, 0, 0, 0, 0, 0, 0, 
90, 6, Thinning_RedPine, 821, 1831, 2085, 3, 0, 8, 0, 0, 0, 50, 0, 0, 15, 5, 26, 2, 0, 0, 1, 2085, 928, 20, 0, 403, 267, 0, 1, 0, 2, 0, 27, 56, 5, 1, 4, 7, 0, 
90, 6, Thinning_SpruceFir, 860, 1943, 3862, 3862, 0, 0, 0, 0, 0, 35, 0, 0, 2, 2, 0, 0, 1570, 0, 0, 0, 0, 7, 0, 40, 270, 0, 0, 0, 0, 1, 1, 1, 14, 0, 0, 0, 0, 
90, 5, Aspen_Clearcut, 127, 1462, 0, 22, 0, 164, 94, 0, 4, 179, 0, 0, 122, 48, 16, 8, 25, 5, 2, 59, 69, 36, 0, 19, 164, 1, 0, 0, 0, 1, 179, 97, 1, 25, 75, 47, 0, 
90, 5, LowlandConifer_Clearcut, 3, 31, 0, 0, 0, 1, 0, 0, 0, 0, 0, 0, 5, 2, 3, 0, 0, 7, 0, 2, 0, 0, 0, 2, 1, 0, 0, 0, 0, 0, 3, 0, 0, 0, 5, 0, 0, 
90, 5, Birch_Clearcut, 22, 154, 0, 0, 0, 17, 5, 0, 0, 9, 0, 0, 3, 5, 0, 3, 10, 0, 0, 1, 2, 3, 0, 5, 25, 0, 0, 0, 0, 6, 30, 24, 0, 0, 6, 0, 0, 
90, 5, Oak_Unevenaged, 39, 75, 93, 10, 0, 18, 0, 0, 0, 0, 0, 0, 1, 5, 5, 0, 0, 0, 0, 9, 0, 1, 0, 33, 32, 0, 0, 0, 0, 0, 33, 5, 3, 0, 4, 9, 0, 
90, 5, Hardwoods_Unevenaged, 8, 8, 11, 0, 0, 9, 0, 0, 0, 0, 0, 0, 0, 0, 0, 0, 0, 0, 0, 0, 0, 0, 0, 0, 8, 0, 0, 0, 0, 0, 2, 0, 0, 0, 0, 0, 0, 
90, 5, Thinning_RedPine, 125, 275, 2, 0, 0, 7, 1, 0, 0, 7, 0, 0, 0, 2, 1, 0, 0, 0, 0, 2, 7, 13, 0, 115, 84, 1, 0, 0, 0, 0, 13, 12, 6, 1, 4, 1, 0, 
100, 1, JPine_Clearcut, 158, 1031, 0, 4, 0, 30, 0, 0, 1, 12, 0, 0, 4, 0, 9, 7, 10, 0, 753, 20, 0, 7, 0, 65, 41, 0, 0, 0, 0, 1, 23, 14, 0, 1, 4, 25, 0, 
100, 1, RPine_Clearcut, 106, 754, 0, 16, 2, 30, 0, 0, 0, 23, 0, 0, 1, 3, 1, 3, 3, 0, 6, 320, 89, 6, 0, 75, 54, 0, 7, 0, 2, 0, 39, 27, 1, 2, 8, 36, 0, 
100, 1, SpruceFir_Clearcut, 158, 869, 0, 204, 2, 34, 2, 0, 0, 34, 0, 0, 18, 6, 19, 15, 78, 18, 0, 4, 8, 20, 0, 146, 89, 0, 15, 0, 0, 0, 68, 20, 4, 0, 19, 46, 0, 
100, 1, Aspen_Clearcut, 4075, 47477, 0, 2156, 5, 1982, 1467, 0, 34, 5091, 0, 17, 2357, 383, 1925, 958, 1351, 2298, 304, 3510, 3422, 987, 1, 2581, 4702, 0, 534, 17, 23, 39, 2814, 1292, 27, 3113, 1993, 2094, 0, 
100, 1, Oak_Clearcut, 107, 1050, 0, 28, 0, 113, 1, 0, 0, 0, 0, 0, 86, 3, 29, 4, 1, 35, 3, 40, 19, 3, 0, 75, 67, 0, 10, 0, 0, 2, 319, 62, 0, 116, 4, 30, 0, 
100, 1, LowlandConifer_Clearcut, 321, 2960, 0, 129, 3, 139, 39, 0, 1, 140, 0, 0, 68, 24, 611, 28, 113, 546, 4, 98, 183, 70, 0, 209, 209, 0, 44, 0, 5, 0, 116, 66, 0, 0, 38, 77, 0, 
100, 1, Birch_Clearcut, 283, 2673, 0, 77, 0, 89, 41, 0, 0, 820, 0, 0, 74, 23, 16, 184, 35, 28, 12, 69, 88, 52, 0, 209, 477, 0, 36, 0, 0, 0, 142, 80, 1, 16, 26, 78, 0, 
100, 1, Hardwood_Clearcut, 159, 1967, 0, 94, 4, 94, 99, 0, 12, 278, 0, 0, 303, 42, 24, 34, 28, 31, 9, 143, 97, 20, 0, 36, 108, 0, 5, 0, 1, 0, 5, 9, 1, 210, 217, 63, 0, 
100, 1, Pine_Unevenaged, 327, 3075, 549, 168, 2, 139, 68, 0, 4, 407, 0, 0, 61, 28, 160, 48, 78, 101, 63, 382, 549, 46, 0, 185, 382, 0, 73, 0, 2, 6, 218, 97, 0, 136, 129, 92, 0, 
100, 1, Oak_Unevenaged, 1452, 2855, 4591, 347, 0, 274, 0, 0, 0, 4, 0, 0, 162, 102, 245, 75, 101, 329, 69, 533, 114, 160, 1, 1171, 762, 0, 108, 4, 17, 47, 1478, 367, 12, 79, 453, 432, 0, 
100, 1, Hardwoods_Unevenaged, 379, 580, 878, 12, 5, 157, 214, 0, 6, 37, 0, 0, 25, 11, 9, 22, 4, 5, 0, 5, 33, 16, 1, 271, 106, 0, 19, 1, 1, 3, 57, 108, 0, 5, 296, 29, 0, 
100, 1, BlackAsh_Unevenaged, 40, 233, 30, 11, 1, 18, 14, 0, 0, 17, 0, 0, 32, 7, 6, 6, 2, 3, 1, 13, 2, 1, 0, 16, 2, 0, 0, 0, 1, 1, 40, 8, 0, 0, 31, 30, 0, 
100, 1, SpruceFir_Unevenaged, 24, 83, 44, 26, 0, 8, 0, 0, 0, 0, 0, 0, 3, 2, 6, 0, 5, 11, 0, 3, 0, 1, 0, 6, 1, 0, 0, 0, 0, 0, 10, 3, 0, 40, 0, 2, 0, 
100, 1, Thinning_RedPine, 5991, 14428, 2232, 93, 3, 257, 76, 0, 10, 1129, 0, 0, 108, 86, 242, 198, 48, 52, 36, 2232, 1216, 266, 5, 5982, 2659, 2, 111, 11, 9, 14, 658, 622, 73, 29, 189, 244, 0, 
100, 1, Thinning_SpruceFir, 787, 1317, 2881, 2879, 0, 0, 0, 0, 0, 46, 0, 0, 8, 0, 0, 0, 995, 0, 0, 0, 2, 5, 0, 80, 172, 0, 1, 0, 0, 0, 5, 0, 1, 3, 0, 1, 0, 
100, 1, Thinning_Aspen, 75, 46, 69, 1, 1, 2, 0, 0, 0, 18, 0, 0, 2, 0, 4, 0, 0, 0, 0, 2, 2, 7, 0, 44, 0, 0, 0, 0, 0, 0, 12, 14, 0, 0, 0, 6, 0, 
100, 4, JPine_Clearcut, 40, 324, 0, 0, 0, 0, 0, 0, 0, 5, 0, 0, 0, 0, 4, 0, 0, 0, 299, 0, 0, 1, 0, 6, 4, 0, 0, 0, 0, 0, 0, 4, 0, 0, 0, 1, 0, 
100, 4, RPine_Clearcut, 20, 107, 0, 3, 0, 3, 0, 0, 0, 5, 0, 0, 0, 0, 0, 1, 0, 0, 0, 50, 7, 1, 0, 15, 10, 0, 0, 0, 0, 0, 3, 1, 0, 0, 0, 8, 0, 
100, 4, SpruceFir_Clearcut, 43, 220, 0, 66, 0, 3, 0, 0, 0, 32, 0, 0, 6, 11, 2, 15, 15, 1, 2, 0, 0, 2, 0, 17, 18, 0, 13, 0, 0, 0, 7, 3, 0, 0, 2, 5, 0, 
100, 4, Aspen_Clearcut, 1047, 10702, 0, 759, 3, 519, 337, 0, 11, 707, 0, 22, 724, 178, 721, 117, 141, 657, 29, 87, 71, 154, 0, 672, 891, 0, 119, 8, 15, 1, 1024, 498, 2, 1154, 542, 539, 0, 
100, 4, Oak_Clearcut, 19, 160, 0, 11, 0, 0, 1, 0, 0, 0, 0, 0, 0, 3, 2, 0, 0, 0, 0, 0, 0, 0, 0, 21, 3, 0, 0, 0, 0, 0, 18, 2, 0, 99, 0, 0, 0, 
100, 4, LowlandConifer_Clearcut, 48, 362, 0, 0, 0, 0, 1, 0, 0, 7, 0, 0, 0, 0, 95, 0, 0, 186, 6, 0, 5, 1, 0, 47, 5, 0, 0, 0, 0, 0, 3, 3, 0, 0, 0, 3, 0, 
100, 4, Birch_Clearcut, 58, 512, 0, 22, 0, 34, 35, 0, 0, 140, 0, 0, 7, 1, 2, 21, 3, 0, 1, 14, 21, 4, 0, 42, 78, 0, 0, 0, 0, 0, 36, 11, 0, 0, 24, 16, 0, 
100, 4, Hardwood_Clearcut, 25, 190, 0, 11, 0, 4, 59, 0, 3, 14, 0, 0, 5, 0, 0, 0, 2, 0, 0, 12, 2, 1, 0, 5, 0, 0, 0, 0, 0, 0, 0, 1, 0, 0, 55, 16, 0, 
100, 4, Pine_Unevenaged, 22, 147, 44, 0, 0, 10, 4, 0, 0, 12, 0, 0, 11, 0, 5, 3, 0, 7, 7, 17, 44, 3, 0, 12, 5, 0, 0, 0, 0, 0, 19, 6, 0, 17, 0, 9, 0, 
100, 4, Oak_Unevenaged, 326, 587, 994, 77, 0, 65, 0, 0, 0, 0, 0, 0, 49, 21, 61, 5, 8, 43, 22, 55, 11, 27, 0, 227, 196, 0, 12, 0, 14, 13, 393, 72, 0, 31, 93, 86, 0, 
100, 4, Hardwoods_Unevenaged, 110, 125, 291, 0, 0, 56, 87, 0, 1, 11, 0, 0, 2, 1, 3, 4, 0, 1, 0, 0, 4, 2, 0, 65, 31, 0, 1, 0, 1, 0, 20, 32, 0, 0, 84, 10, 0, 
100, 4, BlackAsh_Unevenaged, 8, 48, 1, 3, 0, 1, 0, 0, 0, 3, 0, 0, 8, 0, 2, 2, 2, 0, 0, 0, 2, 0, 0, 3, 0, 0, 0, 0, 0, 0, 15, 4, 0, 0, 3, 1, 0, 
100, 4, Thinning_RedPine, 487, 1188, 414, 5, 0, 35, 3, 0, 0, 61, 0, 0, 7, 11, 21, 2, 0, 0, 0, 414, 213, 13, 0, 442, 194, 0, 6, 1, 2, 0, 73, 65, 5, 0, 3, 26, 0, 
100, 4, Thinning_SpruceFir, 177, 364, 657, 657, 0, 0, 0, 0, 0, 19, 0, 0, 0, 2, 0, 0, 257, 0, 0, 0, 0, 7, 0, 20, 50, 0, 0, 0, 0, 0, 2, 0, 2, 0, 0, 5, 0, 
100, 4, Thinning_Aspen, 6, 3, 4, 0, 0, 0, 0, 0, 0, 0, 0, 0, 0, 0, 0, 0, 0, 0, 0, 0, 0, 0, 0, 4, 0, 0, 0, 0, 0, 0, 1, 0, 2, 0, 0, 0, 0, 
100, 6, JPine_Clearcut, 94, 542, 0, 0, 0, 0, 0, 0, 0, 10, 0, 0, 0, 0, 1, 0, 0, 0, 463, 0, 0, 3, 0, 20, 43, 0, 0, 0, 0, 0, 1, 1, 0, 0, 0, 0, 0, 
100, 6, RPine_Clearcut_state, 72, 180, 0, 0, 0, 1, 0, 0, 0, 0, 0, 0, 0, 0, 3, 0, 0, 0, 0, 106, 1, 0, 0, 48, 8, 0, 2, 0, 0, 0, 2, 8, 0, 0, 0, 1, 0, 
100, 6, SpruceFir_Clearcut, 365, 5446, 0, 3296, 0, 0, 0, 0, 0, 6, 0, 0, 1, 0, 3, 0, 1971, 0, 0, 0, 0, 3, 0, 41, 119, 0, 1, 0, 0, 0, 0, 2, 2, 1, 0, 0, 0, 
100, 6, Aspen_Clearcut, 4200, 19003, 0, 774, 3, 106, 7, 0, 5, 726, 0, 0, 585, 44, 2680, 16, 44, 1505, 29, 307, 29, 265, 6, 4707, 2123, 1, 40, 23, 6, 17, 538, 422, 109, 3509, 69, 308, 0, 
100, 6, Oak_Clearcut, 51, 393, 0, 22, 0, 3, 0, 0, 0, 0, 0, 0, 0, 0, 63, 0, 0, 24, 0, 0, 6, 4, 0, 36, 12, 0, 0, 0, 2, 0, 19, 6, 4, 191, 1, 0, 0, 
100, 6, LowlandConifer_Clearcut, 44, 187, 0, 3, 0, 4, 0, 0, 0, 9, 0, 0, 2, 1, 75, 0, 0, 51, 1, 0, 0, 0, 0, 32, 3, 0, 0, 0, 0, 0, 0, 2, 0, 0, 0, 4, 0, 
100, 6, Birch_Clearcut, 261, 803, 0, 108, 0, 9, 0, 0, 0, 130, 0, 0, 6, 3, 27, 4, 110, 6, 0, 0, 2, 28, 0, 200, 68, 0, 0, 0, 0, 1, 51, 15, 3, 13, 10, 9, 0, 
100, 6, Hardwood_Clearcut, 19, 79, 0, 3, 6, 1, 0, 0, 0, 2, 0, 0, 12, 2, 0, 3, 0, 0, 0, 0, 0, 1, 0, 13, 5, 0, 1, 0, 0, 0, 3, 1, 0, 0, 22, 4, 0, 
100, 6, Pine_Unevenaged, 86, 358, 81, 16, 0, 3, 0, 0, 4, 2, 0, 0, 4, 1, 5, 2, 0, 4, 0, 129, 81, 1, 0, 77, 23, 0, 2, 0, 0, 0, 17, 6, 0, 52, 5, 5, 0, 
100, 6, Oak_Unevenaged, 36, 42, 220, 4, 0, 16, 0, 0, 0, 0, 0, 0, 3, 7, 0, 0, 0, 0, 0, 0, 1, 2, 0, 12, 2, 0, 1, 0, 0, 0, 73, 37, 0, 14, 88, 2, 0, 
100, 6, Hardwoods_Unevenaged, 59, 63, 94, 1, 0, 49, 13, 0, 0, 2, 0, 0, 1, 0, 2, 0, 0, 0, 0, 0, 1, 3, 0, 43, 8, 0, 0, 0, 0, 0, 3, 12, 2, 0, 16, 1, 0, 
100, 6, BlackAsh_Unevenaged, 18, 29, 4, 0, 0, 0, 0, 0, 0, 0, 0, 0, 0, 0, 1, 0, 0, 0, 0, 0, 0, 3, 0, 14, 5, 0, 0, 0, 0, 0, 4, 2, 0, 0, 0, 4, 0, 
100, 6, SpruceFir_Unevenaged, 20, 14, 57, 33, 0, 0, 0, 0, 0, 0, 0, 0, 0, 0, 0, 0, 11, 13, 0, 0, 0, 0, 0, 5, 2, 0, 0, 0, 0, 0, 0, 0, 0, 7, 0, 0, 0, 
100, 6, Thinning_RedPine, 935, 1861, 1911, 0, 0, 7, 0, 0, 0, 101, 0, 0, 13, 0, 17, 1, 0, 0, 0, 1911, 711, 16, 0, 628, 259, 0, 2, 2, 0, 3, 37, 55, 6, 0, 0, 3, 0, 
100, 6, Thinning_SpruceFir, 860, 2157, 4090, 4090, 0, 0, 0, 0, 0, 15, 0, 0, 0, 0, 0, 0, 1815, 0, 0, 0, 0, 2, 0, 81, 227, 0, 0, 0, 0, 0, 1, 1, 15, 0, 0, 0, 0, 
100, 5, Aspen_Clearcut, 131, 1354, 0, 19, 0, 137, 49, 0, 0, 63, 0, 0, 138, 34, 31, 2, 19, 12, 6, 77, 16, 66, 0, 74, 107, 0, 5, 1, 0, 9, 221, 67, 1, 53, 86, 61, 0, 
100, 5, LowlandConifer_Clearcut, 12, 153, 0, 20, 0, 24, 0, 0, 0, 1, 0, 0, 0, 0, 14, 0, 2, 0, 0, 0, 0, 6, 0, 17, 12, 0, 0, 0, 0, 0, 31, 0, 2, 0, 9, 15, 0, 
100, 5, Birch_Clearcut, 16, 114, 0, 6, 0, 15, 0, 0, 0, 2, 0, 0, 4, 4, 0, 0, 4, 0, 6, 0, 0, 6, 0, 4, 18, 0, 0, 2, 0, 0, 24, 8, 0, 3, 2, 6, 0, 
100, 5, Oak_Unevenaged, 13, 16, 22, 0, 0, 4, 0, 0, 0, 0, 0, 0, 0, 0, 2, 0, 0, 0, 0, 0, 0, 0, 0, 6, 9, 1, 0, 0, 0, 0, 13, 1, 0, 0, 0, 2, 0, 
100, 5, Hardwoods_Unevenaged, 10, 14, 15, 0, 0, 8, 0, 0, 0, 0, 0, 0, 0, 0, 0, 0, 0, 0, 0, 0, 0, 0, 0, 6, 8, 0, 0, 0, 2, 0, 2, 0, 0, 0, 3, 0, 0, 
100, 5, Thinning_RedPine, 185, 445, 2, 0, 0, 9, 1, 0, 1, 9, 0, 0, 3, 0, 15, 3, 0, 0, 0, 2, 9, 21, 0, 212, 108, 0, 0, 0, 0, 2, 14, 29, 0, 1, 1, 7, 0, 
